order_id,timestamp_ns,symbol_id,side,type,price,quantity,time_in_force
1,1700000000000044848,1,BUY,LIMIT,9993,5,GTC
2,1700000000000059676,1,SELL,LIMIT,10000,5,IOC
3,1700000000000107101,1,SELL,MARKET,0,10,IOC
4,1700000000000118064,1,SELL,LIMIT,10000,1,GTC
5,1700000000000125262,1,BUY,LIMIT,9993,25,GTC
6,1700000000000173585,1,BUY,LIMIT,9995,1,GTC
7,1700000000000215283,1,SELL,LIMIT,9996,20,GTC
8,1700000000000259119,1,SELL,LIMIT,9991,1,GTC
9,1700000000000284530,1,SELL,LIMIT,10010,5,GTC
10,1700000000000328950,1,BUY,LIMIT,9987,10,GTC
11,1700000000000364455,1,SELL,LIMIT,9983,10,GTC
12,1700000000000409821,1,BUY,LIMIT,9991,10,GTC
13,1700000000000436611,1,SELL,LIMIT,9989,25,GTC
14,1700000000000451045,1,BUY,LIMIT,9999,25,GTC
15,1700000000000460695,1,BUY,LIMIT,10003,20,GTC
16,1700000000000484918,1,SELL,LIMIT,10004,50,GTC
17,1700000000000492603,1,SELL,LIMIT,9994,1,GTC
18,1700000000000518112,1,SELL,LIMIT,9990,50,GTC
19,1700000000000563195,1,SELL,LIMIT,9995,1,GTC
20,1700000000000571005,1,BUY,LIMIT,10004,25,GTC
21,1700000000000604311,1,BUY,LIMIT,10009,20,GTC
22,1700000000000614827,1,BUY,LIMIT,10009,10,GTC
23,1700000000000654579,1,SELL,LIMIT,10005,1,GTC
24,1700000000000670771,1,BUY,LIMIT,9991,20,GTC
25,1700000000000675806,1,BUY,LIMIT,9979,100,GTC
26,1700000000000693676,1,SELL,LIMIT,10001,10,GTC
27,1700000000000740899,1,SELL,LIMIT,9987,10,GTC
28,1700000000000749329,1,BUY,LIMIT,9991,100,GTC
29,1700000000000750300,1,BUY,LIMIT,9996,10,GTC
30,1700000000000752858,1,SELL,MARKET,0,5,IOC
31,1700000000000788697,1,BUY,LIMIT,9986,10,GTC
32,1700000000000815874,1,SELL,LIMIT,9994,100,GTC
33,1700000000000864154,1,BUY,LIMIT,9985,100,GTC
34,1700000000000871815,1,SELL,LIMIT,9974,25,GTC
35,1700000000000902633,1,BUY,LIMIT,9973,20,GTC
36,1700000000000906448,1,SELL,MARKET,0,5,IOC
37,1700000000000917847,1,SELL,LIMIT,9971,10,GTC
38,1700000000000943183,1,BUY,LIMIT,9981,10,GTC
39,1700000000000971405,1,SELL,LIMIT,9991,20,GTC
40,1700000000000982049,1,SELL,LIMIT,9985,100,GTC
41,1700000000001031568,1,BUY,LIMIT,9984,1,GTC
42,1700000000001035795,1,BUY,LIMIT,9981,10,GTC
43,1700000000001062756,1,BUY,LIMIT,9985,10,GTC
44,1700000000001090730,1,SELL,LIMIT,9981,5,GTC
45,1700000000001106872,1,SELL,LIMIT,9994,25,GTC
46,1700000000001107982,1,BUY,LIMIT,9973,5,GTC
47,1700000000001141635,1,SELL,LIMIT,9967,10,GTC
48,1700000000001160811,1,BUY,LIMIT,9965,25,GTC
49,1700000000001205080,1,BUY,LIMIT,9970,1,GTC
50,1700000000001222912,1,SELL,LIMIT,9967,10,GTC
51,1700000000001270441,1,SELL,LIMIT,9965,10,GTC
52,1700000000001274270,1,BUY,LIMIT,9968,20,GTC
53,1700000000001316523,1,SELL,LIMIT,9958,10,IOC
54,1700000000001324354,1,BUY,LIMIT,9978,1,GTC
55,1700000000001363029,1,SELL,LIMIT,9957,25,GTC
56,1700000000001386978,1,BUY,LIMIT,9963,1,GTC
57,1700000000001428153,1,SELL,LIMIT,9963,50,GTC
58,1700000000001455673,1,BUY,LIMIT,9981,10,GTC
59,1700000000001473658,1,BUY,LIMIT,9976,10,GTC
60,1700000000001488735,1,SELL,LIMIT,9976,100,IOC
61,1700000000001503844,1,SELL,LIMIT,9956,10,GTC
62,1700000000001527356,1,SELL,LIMIT,9952,20,GTC
63,1700000000001535415,1,SELL,LIMIT,9972,1,GTC
64,1700000000001558569,1,BUY,LIMIT,9953,50,IOC
65,1700000000001575762,1,SELL,LIMIT,9963,10,GTC
66,1700000000001600131,1,SELL,MARKET,0,10,IOC
67,1700000000001647800,1,BUY,LIMIT,9954,5,GTC
68,1700000000001684633,1,SELL,LIMIT,9953,20,GTC
69,1700000000001725471,1,BUY,LIMIT,9953,10,GTC
70,1700000000001754144,1,BUY,LIMIT,9942,10,GTC
71,1700000000001788144,1,SELL,LIMIT,9959,10,GTC
72,1700000000001807242,1,SELL,LIMIT,9968,5,GTC
73,1700000000001851834,1,SELL,LIMIT,9948,10,GTC
74,1700000000001892394,1,BUY,LIMIT,9945,100,IOC
75,1700000000001939971,1,SELL,LIMIT,9976,10,GTC
76,1700000000001989686,1,BUY,LIMIT,9954,1,GTC
77,1700000000001993477,1,SELL,LIMIT,9966,100,GTC
78,1700000000002037727,1,BUY,LIMIT,9968,100,GTC
79,1700000000002078377,1,SELL,LIMIT,9985,100,GTC
80,1700000000002089307,1,SELL,LIMIT,9984,100,GTC
81,1700000000002123970,1,SELL,LIMIT,9984,20,GTC
82,1700000000002142277,1,SELL,LIMIT,9962,10,GTC
83,1700000000002188255,1,BUY,LIMIT,9963,50,GTC
84,1700000000002210439,1,SELL,MARKET,0,50,IOC
85,1700000000002236463,1,BUY,MARKET,0,50,IOC
86,1700000000002268222,1,SELL,LIMIT,9988,50,GTC
87,1700000000002303994,1,SELL,LIMIT,9970,50,GTC
88,1700000000002322381,1,SELL,LIMIT,9988,10,GTC
89,1700000000002370340,1,BUY,LIMIT,9981,50,GTC
90,1700000000002409630,1,SELL,LIMIT,9977,50,GTC
91,1700000000002422039,1,SELL,LIMIT,9972,100,GTC
92,1700000000002440774,1,BUY,LIMIT,9970,50,GTC
93,1700000000002490362,1,SELL,LIMIT,9985,1,GTC
94,1700000000002540291,1,BUY,LIMIT,9967,1,GTC
95,1700000000002549063,1,SELL,LIMIT,9957,10,GTC
96,1700000000002573738,1,SELL,LIMIT,9963,20,GTC
97,1700000000002594622,1,SELL,LIMIT,9977,10,GTC
98,1700000000002621117,1,SELL,LIMIT,9970,50,GTC
99,1700000000002667308,1,BUY,LIMIT,9980,5,GTC
100,1700000000002690562,1,BUY,LIMIT,9982,1,GTC
101,1700000000002718590,1,BUY,LIMIT,9974,1,GTC
102,1700000000002765444,1,BUY,LIMIT,9972,100,GTC
103,1700000000002796409,1,BUY,LIMIT,9989,100,GTC
104,1700000000002815188,1,SELL,LIMIT,9969,5,GTC
105,1700000000002817568,1,BUY,LIMIT,9978,25,GTC
106,1700000000002840372,1,SELL,LIMIT,9965,20,GTC
107,1700000000002846482,1,SELL,LIMIT,9966,10,GTC
108,1700000000002889311,1,SELL,LIMIT,9980,100,GTC
109,1700000000002935147,1,BUY,LIMIT,9960,50,GTC
110,1700000000002963532,1,BUY,LIMIT,9971,25,GTC
111,1700000000002979140,1,SELL,LIMIT,9972,20,GTC
112,1700000000002992192,1,SELL,LIMIT,9978,10,GTC
113,1700000000002999280,1,SELL,LIMIT,9971,20,GTC
114,1700000000003017757,1,BUY,LIMIT,9961,10,GTC
115,1700000000003024980,1,SELL,LIMIT,9975,100,GTC
116,1700000000003028847,1,BUY,LIMIT,9971,10,GTC
117,1700000000003034202,1,SELL,LIMIT,9981,100,GTC
118,1700000000003071588,1,SELL,MARKET,0,10,IOC
119,1700000000003106335,1,BUY,LIMIT,9972,10,GTC
120,1700000000003126848,1,BUY,LIMIT,9982,50,GTC
121,1700000000003168341,1,SELL,LIMIT,9979,10,GTC
122,1700000000003179099,1,BUY,LIMIT,9961,5,GTC
123,1700000000003198480,1,BUY,LIMIT,9966,10,GTC
124,1700000000003239943,1,BUY,LIMIT,9955,20,GTC
125,1700000000003282886,1,SELL,LIMIT,9967,10,GTC
126,1700000000003322382,1,SELL,LIMIT,9954,20,GTC
127,1700000000003368739,1,SELL,LIMIT,9968,20,GTC
128,1700000000003397552,1,SELL,LIMIT,9969,1,GTC
129,1700000000003442110,1,BUY,LIMIT,9958,1,GTC
130,1700000000003473444,1,BUY,MARKET,0,10,IOC
131,1700000000003515545,1,SELL,LIMIT,9965,50,GTC
132,1700000000003559962,1,BUY,LIMIT,9974,25,GTC
133,1700000000003596513,1,SELL,LIMIT,9982,50,GTC
134,1700000000003630737,1,BUY,LIMIT,9967,50,GTC
135,1700000000003643530,1,SELL,LIMIT,9977,1,GTC
136,1700000000003657370,1,BUY,LIMIT,9981,1,GTC
137,1700000000003665827,1,SELL,LIMIT,9974,100,GTC
138,1700000000003702426,1,SELL,LIMIT,9964,20,GTC
139,1700000000003710624,1,SELL,LIMIT,9980,100,GTC
140,1700000000003738353,1,SELL,LIMIT,9978,20,GTC
141,1700000000003751344,1,BUY,LIMIT,9973,50,GTC
142,1700000000003774118,1,SELL,LIMIT,9987,50,GTC
143,1700000000003784356,1,SELL,LIMIT,9972,100,GTC
144,1700000000003814697,1,SELL,LIMIT,9980,50,GTC
145,1700000000003842117,1,SELL,LIMIT,9969,10,GTC
146,1700000000003886112,1,BUY,LIMIT,9988,50,GTC
147,1700000000003919530,1,SELL,LIMIT,9977,10,GTC
148,1700000000003921035,1,BUY,LIMIT,9990,100,GTC
149,1700000000003943722,1,BUY,LIMIT,9969,20,GTC
150,1700000000003964974,1,SELL,LIMIT,9993,50,GTC
151,1700000000003980859,1,SELL,LIMIT,9995,5,GTC
152,1700000000003987810,1,SELL,LIMIT,9977,50,GTC
153,1700000000003990207,1,SELL,LIMIT,9987,20,GTC
154,1700000000004015272,1,BUY,MARKET,0,25,IOC
155,1700000000004026912,1,BUY,LIMIT,9988,10,GTC
156,1700000000004065629,1,BUY,LIMIT,9987,100,GTC
157,1700000000004096619,1,BUY,LIMIT,9980,1,GTC
158,1700000000004138992,1,SELL,LIMIT,9979,20,GTC
159,1700000000004171159,1,SELL,LIMIT,9974,50,GTC
160,1700000000004173096,1,BUY,LIMIT,9980,20,GTC
161,1700000000004213337,1,SELL,LIMIT,9983,1,GTC
162,1700000000004253621,1,BUY,LIMIT,9976,10,GTC
163,1700000000004295293,1,BUY,LIMIT,9989,10,GTC
164,1700000000004333775,1,SELL,LIMIT,9976,1,GTC
165,1700000000004345785,1,SELL,LIMIT,9975,50,GTC
166,1700000000004357068,1,BUY,LIMIT,9975,20,GTC
167,1700000000004365115,1,SELL,LIMIT,9993,25,GTC
168,1700000000004402139,1,SELL,LIMIT,9993,50,GTC
169,1700000000004426794,1,BUY,LIMIT,9970,100,GTC
170,1700000000004434394,1,SELL,LIMIT,9976,25,GTC
171,1700000000004474876,1,BUY,MARKET,0,25,IOC
172,1700000000004517924,1,SELL,LIMIT,9978,20,GTC
173,1700000000004538370,1,BUY,MARKET,0,1,IOC
174,1700000000004563184,1,BUY,LIMIT,9981,100,GTC
175,1700000000004590873,1,SELL,LIMIT,9983,10,GTC
176,1700000000004593517,1,BUY,LIMIT,9981,20,GTC
177,1700000000004600528,1,BUY,LIMIT,10000,25,GTC
178,1700000000004619108,1,BUY,LIMIT,9992,50,GTC
179,1700000000004661662,1,SELL,LIMIT,9996,10,GTC
180,1700000000004678124,1,SELL,MARKET,0,25,IOC
181,1700000000004717053,1,SELL,LIMIT,9996,10,GTC
182,1700000000004735724,1,SELL,LIMIT,9992,1,GTC
183,1700000000004743428,1,SELL,LIMIT,9988,10,GTC
184,1700000000004782519,1,SELL,LIMIT,9984,10,GTC
185,1700000000004831886,1,BUY,LIMIT,9976,5,GTC
186,1700000000004865405,1,BUY,LIMIT,9985,100,GTC
187,1700000000004895923,1,SELL,MARKET,0,20,IOC
188,1700000000004922743,1,SELL,MARKET,0,100,IOC
189,1700000000004944352,1,SELL,LIMIT,9998,5,GTC
190,1700000000004969814,1,BUY,LIMIT,9989,25,GTC
191,1700000000005013221,1,SELL,LIMIT,9990,5,GTC
192,1700000000005028695,1,SELL,LIMIT,10000,100,GTC
193,1700000000005057163,1,BUY,LIMIT,9986,25,GTC
194,1700000000005062062,1,SELL,LIMIT,9976,100,GTC
195,1700000000005071089,1,SELL,LIMIT,9972,25,GTC
196,1700000000005098511,1,BUY,LIMIT,9987,5,GTC
197,1700000000005117861,1,SELL,LIMIT,9982,1,GTC
198,1700000000005133057,1,BUY,LIMIT,9986,100,GTC
199,1700000000005171181,1,BUY,LIMIT,9984,20,GTC
200,1700000000005211592,1,SELL,LIMIT,9995,1,GTC
201,1700000000005234362,1,SELL,LIMIT,9978,20,GTC
202,1700000000005244159,1,BUY,LIMIT,9990,5,GTC
203,1700000000005269313,1,SELL,MARKET,0,10,IOC
204,1700000000005273260,1,BUY,LIMIT,9983,5,GTC
205,1700000000005317140,1,BUY,LIMIT,9993,100,GTC
206,1700000000005340261,1,BUY,LIMIT,9980,5,GTC
207,1700000000005343737,1,BUY,LIMIT,9990,20,GTC
208,1700000000005353230,1,BUY,LIMIT,9970,10,GTC
209,1700000000005365244,1,BUY,LIMIT,9973,50,GTC
210,1700000000005370467,1,BUY,LIMIT,9987,25,GTC
211,1700000000005401097,1,SELL,MARKET,0,1,IOC
212,1700000000005420570,1,SELL,LIMIT,9986,50,GTC
213,1700000000005466264,1,BUY,LIMIT,9970,100,GTC
214,1700000000005501102,1,BUY,LIMIT,9971,50,GTC
215,1700000000005506607,1,BUY,LIMIT,9971,10,GTC
216,1700000000005530116,1,SELL,LIMIT,9968,25,GTC
217,1700000000005547391,1,SELL,LIMIT,9968,10,GTC
218,1700000000005589044,1,BUY,LIMIT,9986,10,GTC
219,1700000000005630649,1,BUY,LIMIT,9980,25,GTC
220,1700000000005672527,1,BUY,MARKET,0,100,IOC
221,1700000000005703287,1,SELL,LIMIT,9971,20,GTC
222,1700000000005744092,1,BUY,LIMIT,9969,5,GTC
223,1700000000005774065,1,SELL,LIMIT,9978,1,GTC
224,1700000000005778619,1,SELL,LIMIT,9983,10,GTC
225,1700000000005812185,1,BUY,LIMIT,9974,5,GTC
226,1700000000005836533,1,BUY,LIMIT,9980,10,GTC
227,1700000000005878378,1,SELL,LIMIT,9989,1,GTC
228,1700000000005895392,1,BUY,LIMIT,9984,20,GTC
229,1700000000005901233,1,SELL,LIMIT,9988,25,GTC
230,1700000000005910183,1,SELL,LIMIT,9979,50,GTC
231,1700000000005919058,1,SELL,LIMIT,9988,25,GTC
232,1700000000005961895,1,SELL,LIMIT,9994,5,GTC
233,1700000000005984790,1,BUY,LIMIT,9986,10,GTC
234,1700000000005991918,1,BUY,LIMIT,9982,20,GTC
235,1700000000006032921,1,SELL,LIMIT,10007,25,GTC
236,1700000000006080684,1,SELL,LIMIT,9982,10,GTC
237,1700000000006121199,1,BUY,LIMIT,10000,100,GTC
238,1700000000006152436,1,SELL,LIMIT,9983,20,GTC
239,1700000000006171402,1,BUY,LIMIT,9997,100,GTC
240,1700000000006211529,1,BUY,LIMIT,10012,10,GTC
241,1700000000006236356,1,SELL,MARKET,0,100,IOC
242,1700000000006242352,1,SELL,LIMIT,9997,20,GTC
243,1700000000006248862,1,BUY,LIMIT,10000,50,GTC
244,1700000000006275344,1,SELL,LIMIT,10011,1,IOC
245,1700000000006296729,1,BUY,LIMIT,9985,1,GTC
246,1700000000006316029,1,SELL,LIMIT,10005,1,GTC
247,1700000000006356856,1,BUY,LIMIT,10007,100,GTC
248,1700000000006367154,1,SELL,MARKET,0,10,IOC
249,1700000000006383227,1,SELL,LIMIT,9994,20,GTC
250,1700000000006387843,1,BUY,LIMIT,10000,100,GTC
251,1700000000006435433,1,SELL,LIMIT,9994,10,IOC
252,1700000000006451698,1,BUY,MARKET,0,25,IOC
253,1700000000006456633,1,BUY,LIMIT,9978,25,GTC
254,1700000000006487943,1,SELL,LIMIT,9993,50,GTC
255,1700000000006492870,1,SELL,LIMIT,9982,25,GTC
256,1700000000006502113,1,BUY,LIMIT,9976,25,GTC
257,1700000000006548186,1,BUY,LIMIT,9990,100,GTC
258,1700000000006551109,1,SELL,LIMIT,9972,100,GTC
259,1700000000006585385,1,BUY,LIMIT,9997,20,IOC
260,1700000000006604635,1,SELL,LIMIT,9977,10,IOC
261,1700000000006623040,1,SELL,MARKET,0,25,IOC
262,1700000000006645759,1,SELL,LIMIT,9977,50,GTC
263,1700000000006651673,1,BUY,LIMIT,9992,20,GTC
264,1700000000006673223,1,BUY,LIMIT,9991,20,GTC
265,1700000000006684644,1,BUY,LIMIT,9971,50,GTC
266,1700000000006725438,1,BUY,LIMIT,9987,25,GTC
267,1700000000006749747,1,BUY,LIMIT,9994,50,GTC
268,1700000000006752527,1,SELL,LIMIT,9995,100,IOC
269,1700000000006792682,1,BUY,LIMIT,9974,1,GTC
270,1700000000006830794,1,SELL,LIMIT,9972,5,GTC
271,1700000000006832992,1,SELL,LIMIT,9979,5,GTC
272,1700000000006850550,1,BUY,LIMIT,9990,20,GTC
273,1700000000006864168,1,BUY,LIMIT,9972,100,GTC
274,1700000000006911419,1,BUY,MARKET,0,10,IOC
275,1700000000006955686,1,SELL,LIMIT,9990,25,GTC
276,1700000000007002835,1,SELL,LIMIT,9968,10,GTC
277,1700000000007011288,1,SELL,LIMIT,9986,10,GTC
278,1700000000007042419,1,SELL,LIMIT,9974,25,IOC
279,1700000000007069012,1,SELL,LIMIT,9990,20,GTC
280,1700000000007077725,1,SELL,LIMIT,9988,5,GTC
281,1700000000007114355,1,SELL,LIMIT,9984,10,GTC
282,1700000000007122992,1,SELL,LIMIT,9969,1,GTC
283,1700000000007146168,1,BUY,LIMIT,9976,10,GTC
284,1700000000007154871,1,SELL,LIMIT,9975,20,GTC
285,1700000000007166590,1,BUY,LIMIT,9985,10,GTC
286,1700000000007168949,1,SELL,LIMIT,9981,1,GTC
287,1700000000007206944,1,BUY,LIMIT,9986,10,GTC
288,1700000000007249512,1,SELL,MARKET,0,20,IOC
289,1700000000007254794,1,BUY,LIMIT,9988,100,GTC
290,1700000000007295052,1,BUY,LIMIT,9984,25,GTC
291,1700000000007321682,1,BUY,LIMIT,9990,25,GTC
292,1700000000007330211,1,SELL,LIMIT,9968,100,GTC
293,1700000000007371040,1,BUY,LIMIT,9965,50,GTC
294,1700000000007383980,1,BUY,LIMIT,9969,25,GTC
295,1700000000007417075,1,BUY,LIMIT,9981,20,GTC
296,1700000000007455805,1,BUY,LIMIT,9978,10,GTC
297,1700000000007475031,1,BUY,LIMIT,9982,100,GTC
298,1700000000007501958,1,BUY,LIMIT,9968,25,GTC
299,1700000000007526216,1,BUY,MARKET,0,10,IOC
300,1700000000007567560,1,BUY,LIMIT,9978,20,GTC
301,1700000000007604618,1,SELL,LIMIT,9969,25,GTC
302,1700000000007608087,1,SELL,LIMIT,9981,1,GTC
303,1700000000007648318,1,BUY,LIMIT,9977,10,GTC
304,1700000000007687728,1,BUY,LIMIT,9973,20,GTC
305,1700000000007719350,1,SELL,LIMIT,9977,20,GTC
306,1700000000007767384,1,BUY,LIMIT,9968,20,GTC
307,1700000000007785285,1,SELL,MARKET,0,100,IOC
308,1700000000007824026,1,SELL,LIMIT,9988,1,GTC
309,1700000000007834210,1,BUY,LIMIT,9989,50,GTC
310,1700000000007847213,1,SELL,MARKET,0,5,IOC
311,1700000000007880600,1,BUY,LIMIT,9983,50,GTC
312,1700000000007927353,1,SELL,LIMIT,10000,1,GTC
313,1700000000007948415,1,SELL,LIMIT,9992,50,GTC
314,1700000000007988896,1,BUY,LIMIT,9986,20,GTC
315,1700000000008008336,1,BUY,LIMIT,9986,20,GTC
316,1700000000008027696,1,BUY,LIMIT,9981,20,GTC
317,1700000000008037795,1,SELL,LIMIT,9996,25,GTC
318,1700000000008081284,1,BUY,LIMIT,9969,100,GTC
319,1700000000008090780,1,SELL,LIMIT,9992,20,GTC
320,1700000000008133088,1,SELL,LIMIT,9970,10,GTC
321,1700000000008133927,1,BUY,LIMIT,9983,10,GTC
322,1700000000008165717,1,SELL,LIMIT,9982,100,GTC
323,1700000000008172079,1,BUY,LIMIT,9974,1,GTC
324,1700000000008184052,1,SELL,LIMIT,9989,1,GTC
325,1700000000008217017,1,SELL,LIMIT,9995,50,IOC
326,1700000000008218124,1,SELL,LIMIT,9993,1,GTC
327,1700000000008227418,1,SELL,LIMIT,9973,100,GTC
328,1700000000008275832,1,SELL,LIMIT,9991,10,GTC
329,1700000000008313542,1,SELL,LIMIT,9966,20,GTC
330,1700000000008342071,1,SELL,LIMIT,9995,50,GTC
331,1700000000008373861,1,BUY,LIMIT,9972,10,GTC
332,1700000000008389796,1,SELL,MARKET,0,50,IOC
333,1700000000008407437,1,SELL,LIMIT,9977,1,GTC
334,1700000000008418404,1,BUY,LIMIT,9991,20,GTC
335,1700000000008464142,1,SELL,LIMIT,9998,20,GTC
336,1700000000008473395,1,SELL,LIMIT,9978,10,GTC
337,1700000000008509121,1,BUY,LIMIT,9986,100,GTC
338,1700000000008544060,1,SELL,LIMIT,9977,5,GTC
339,1700000000008580450,1,SELL,LIMIT,9999,1,GTC
340,1700000000008588567,1,BUY,LIMIT,9976,100,GTC
341,1700000000008592713,1,BUY,LIMIT,9975,100,GTC
342,1700000000008637303,1,BUY,LIMIT,9991,100,GTC
343,1700000000008638000,1,BUY,MARKET,0,20,IOC
344,1700000000008661079,1,BUY,MARKET,0,50,IOC
345,1700000000008663658,1,BUY,LIMIT,10009,100,GTC
346,1700000000008688698,1,BUY,LIMIT,10003,50,GTC
347,1700000000008732028,1,BUY,LIMIT,9991,10,GTC
348,1700000000008780228,1,BUY,LIMIT,9999,10,GTC
349,1700000000008815588,1,SELL,LIMIT,9989,50,GTC
350,1700000000008863603,1,SELL,LIMIT,9991,10,GTC
351,1700000000008879875,1,BUY,LIMIT,9996,1,GTC
352,1700000000008896413,1,BUY,LIMIT,9995,1,GTC
353,1700000000008906096,1,BUY,LIMIT,10000,1,GTC
354,1700000000008944441,1,SELL,LIMIT,10013,25,GTC
355,1700000000008988208,1,SELL,LIMIT,9992,10,GTC
356,1700000000009029733,1,BUY,LIMIT,9986,10,GTC
357,1700000000009064604,1,BUY,LIMIT,9997,50,GTC
358,1700000000009080896,1,SELL,LIMIT,9994,100,GTC
359,1700000000009118252,1,BUY,LIMIT,9991,1,GTC
360,1700000000009132077,1,SELL,LIMIT,9990,20,GTC
361,1700000000009135954,1,SELL,LIMIT,10012,10,GTC
362,1700000000009174961,1,BUY,LIMIT,9985,10,GTC
363,1700000000009195330,1,SELL,LIMIT,9991,25,GTC
364,1700000000009211728,1,BUY,LIMIT,10005,100,GTC
365,1700000000009230778,1,SELL,LIMIT,10013,25,GTC
366,1700000000009261818,1,BUY,LIMIT,9993,100,GTC
367,1700000000009286612,1,SELL,LIMIT,10005,10,GTC
368,1700000000009304202,1,BUY,LIMIT,9987,1,GTC
369,1700000000009326320,1,SELL,LIMIT,9994,10,GTC
370,1700000000009343684,1,BUY,LIMIT,9994,25,GTC
371,1700000000009355209,1,SELL,LIMIT,10002,100,GTC
372,1700000000009391238,1,SELL,LIMIT,10007,10,GTC
373,1700000000009392156,1,SELL,LIMIT,10011,1,GTC
374,1700000000009406990,1,BUY,LIMIT,9987,1,GTC
375,1700000000009450696,1,BUY,MARKET,0,100,IOC
376,1700000000009486306,1,BUY,LIMIT,9998,20,IOC
377,1700000000009493819,1,BUY,LIMIT,10005,10,GTC
378,1700000000009511838,1,SELL,LIMIT,10000,25,GTC
379,1700000000009558032,1,BUY,LIMIT,9996,10,GTC
380,1700000000009564659,1,BUY,LIMIT,9984,1,GTC
381,1700000000009570577,1,BUY,LIMIT,9983,10,GTC
382,1700000000009605690,1,SELL,LIMIT,9992,5,GTC
383,1700000000009623956,1,BUY,LIMIT,10001,100,GTC
384,1700000000009636210,1,SELL,LIMIT,9984,1,GTC
385,1700000000009641752,1,BUY,LIMIT,9997,50,GTC
386,1700000000009667407,1,BUY,LIMIT,10004,25,GTC
387,1700000000009671426,1,SELL,LIMIT,10003,25,GTC
388,1700000000009693315,1,BUY,LIMIT,9988,50,GTC
389,1700000000009730058,1,SELL,LIMIT,9989,25,GTC
390,1700000000009746709,1,BUY,LIMIT,9996,20,GTC
391,1700000000009795683,1,BUY,LIMIT,9989,10,GTC
392,1700000000009819770,1,BUY,LIMIT,9977,100,GTC
393,1700000000009827039,1,BUY,LIMIT,9985,50,GTC
394,1700000000009852785,1,BUY,LIMIT,9996,25,GTC
395,1700000000009890768,1,BUY,LIMIT,9976,10,GTC
396,1700000000009923585,1,BUY,LIMIT,9979,20,GTC
397,1700000000009947751,1,BUY,LIMIT,9986,5,GTC
398,1700000000009978257,1,SELL,LIMIT,9987,10,GTC
399,1700000000010000529,1,BUY,MARKET,0,50,IOC
400,1700000000010043695,1,SELL,LIMIT,9982,50,GTC
401,1700000000010064785,1,BUY,LIMIT,10003,100,GTC
402,1700000000010103025,1,SELL,LIMIT,9980,100,GTC
403,1700000000010110988,1,BUY,LIMIT,10000,25,GTC
404,1700000000010159146,1,BUY,LIMIT,9980,1,GTC
405,1700000000010186459,1,SELL,LIMIT,10000,5,GTC
406,1700000000010233832,1,BUY,LIMIT,9984,10,GTC
407,1700000000010272489,1,SELL,MARKET,0,100,IOC
408,1700000000010296551,1,SELL,LIMIT,10004,1,GTC
409,1700000000010313319,1,SELL,LIMIT,9999,5,GTC
410,1700000000010363146,1,SELL,LIMIT,10000,50,IOC
411,1700000000010397113,1,SELL,LIMIT,9980,10,GTC
412,1700000000010423246,1,SELL,LIMIT,10000,25,GTC
413,1700000000010455384,1,SELL,LIMIT,9998,1,GTC
414,1700000000010478712,1,BUY,LIMIT,9981,10,GTC
415,1700000000010485609,1,BUY,LIMIT,9994,100,GTC
416,1700000000010487589,1,SELL,LIMIT,9980,5,GTC
417,1700000000010521905,1,BUY,LIMIT,10006,10,GTC
418,1700000000010548950,1,SELL,LIMIT,9992,10,GTC
419,1700000000010578913,1,BUY,LIMIT,9994,10,GTC
420,1700000000010592899,1,BUY,MARKET,0,10,IOC
421,1700000000010617371,1,SELL,LIMIT,9983,10,GTC
422,1700000000010656994,1,BUY,LIMIT,10001,25,GTC
423,1700000000010697953,1,SELL,LIMIT,9991,100,GTC
424,1700000000010742500,1,SELL,LIMIT,9987,5,GTC
425,1700000000010776477,1,BUY,LIMIT,9979,10,GTC
426,1700000000010818625,1,BUY,LIMIT,9988,100,GTC
427,1700000000010838054,1,SELL,LIMIT,9982,100,GTC
428,1700000000010839182,1,BUY,LIMIT,9994,25,GTC
429,1700000000010866495,1,BUY,LIMIT,10005,100,GTC
430,1700000000010904048,1,BUY,LIMIT,9991,5,GTC
431,1700000000010915571,1,SELL,LIMIT,9975,20,GTC
432,1700000000010953604,1,BUY,LIMIT,10001,5,GTC
433,1700000000011001223,1,BUY,LIMIT,9985,1,GTC
434,1700000000011021233,1,SELL,LIMIT,9977,10,GTC
435,1700000000011050507,1,SELL,LIMIT,9988,5,GTC
436,1700000000011097586,1,SELL,LIMIT,9987,25,GTC
437,1700000000011101976,1,SELL,LIMIT,9985,10,GTC
438,1700000000011121437,1,BUY,LIMIT,9999,20,GTC
439,1700000000011130822,1,BUY,LIMIT,10011,5,GTC
440,1700000000011177290,1,SELL,LIMIT,9993,10,GTC
441,1700000000011209867,1,BUY,LIMIT,9997,50,GTC
442,1700000000011251892,1,SELL,LIMIT,9998,5,GTC
443,1700000000011282190,1,SELL,LIMIT,10003,25,GTC
444,1700000000011330592,1,BUY,MARKET,0,5,IOC
445,1700000000011345367,1,SELL,LIMIT,10012,50,GTC
446,1700000000011381735,1,SELL,LIMIT,9995,25,GTC
447,1700000000011385245,1,BUY,LIMIT,10010,1,GTC
448,1700000000011414665,1,SELL,LIMIT,9982,10,GTC
449,1700000000011457763,1,BUY,LIMIT,9988,10,GTC
450,1700000000011474672,1,BUY,LIMIT,9989,25,GTC
451,1700000000011522750,1,BUY,LIMIT,9983,20,GTC
452,1700000000011537236,1,SELL,LIMIT,9982,1,GTC
453,1700000000011538264,1,BUY,LIMIT,9996,1,GTC
454,1700000000011570070,1,BUY,LIMIT,10009,10,GTC
455,1700000000011594658,1,BUY,LIMIT,10004,25,GTC
456,1700000000011599641,1,BUY,LIMIT,10002,10,GTC
457,1700000000011641302,1,SELL,LIMIT,9984,10,GTC
458,1700000000011647483,1,BUY,LIMIT,10002,10,GTC
459,1700000000011668594,1,BUY,LIMIT,10001,50,GTC
460,1700000000011714345,1,BUY,LIMIT,9983,20,GTC
461,1700000000011763855,1,SELL,LIMIT,9987,10,GTC
462,1700000000011796787,1,BUY,MARKET,0,10,IOC
463,1700000000011820951,1,BUY,LIMIT,9997,1,GTC
464,1700000000011852319,1,BUY,LIMIT,9995,10,GTC
465,1700000000011856781,1,BUY,LIMIT,9980,1,GTC
466,1700000000011885040,1,BUY,LIMIT,10005,50,GTC
467,1700000000011891018,1,BUY,LIMIT,10002,20,GTC
468,1700000000011917124,1,BUY,LIMIT,10009,25,GTC
469,1700000000011963412,1,SELL,LIMIT,10006,20,GTC
470,1700000000011971513,1,SELL,LIMIT,9986,50,GTC
471,1700000000011979840,1,SELL,MARKET,0,10,IOC
472,1700000000012014615,1,SELL,LIMIT,9987,25,GTC
473,1700000000012063148,1,SELL,LIMIT,9988,20,GTC
474,1700000000012081472,1,SELL,MARKET,0,50,IOC
475,1700000000012111803,1,BUY,LIMIT,9999,100,GTC
476,1700000000012129022,1,BUY,LIMIT,10000,10,GTC
477,1700000000012132408,1,BUY,LIMIT,10008,1,GTC
478,1700000000012144636,1,SELL,LIMIT,10002,10,GTC
479,1700000000012159849,1,BUY,LIMIT,10011,50,GTC
480,1700000000012197805,1,BUY,LIMIT,9997,5,GTC
481,1700000000012224580,1,BUY,LIMIT,9986,1,GTC
482,1700000000012230741,1,SELL,LIMIT,10006,25,GTC
483,1700000000012279709,1,BUY,LIMIT,9992,20,GTC
484,1700000000012328211,1,BUY,LIMIT,9999,10,GTC
485,1700000000012343980,1,SELL,LIMIT,9985,1,GTC
486,1700000000012344575,1,BUY,LIMIT,10013,25,IOC
487,1700000000012379796,1,SELL,LIMIT,10010,10,GTC
488,1700000000012383173,1,BUY,LIMIT,9989,5,GTC
489,1700000000012432687,1,SELL,LIMIT,10005,100,GTC
490,1700000000012471977,1,SELL,LIMIT,10000,5,GTC
491,1700000000012493121,1,BUY,LIMIT,9985,20,GTC
492,1700000000012508930,1,BUY,LIMIT,9994,20,GTC
493,1700000000012516354,1,SELL,LIMIT,10005,10,GTC
494,1700000000012546470,1,BUY,LIMIT,9982,10,GTC
495,1700000000012593153,1,BUY,LIMIT,9980,20,GTC
496,1700000000012640259,1,SELL,LIMIT,10007,5,GTC
497,1700000000012652153,1,SELL,LIMIT,9979,20,GTC
498,1700000000012658860,1,SELL,LIMIT,9992,10,GTC
499,1700000000012667926,1,BUY,LIMIT,9978,10,IOC
500,1700000000012706589,1,SELL,LIMIT,9993,5,GTC
501,1700000000012749424,1,BUY,LIMIT,9974,10,GTC
502,1700000000012757953,1,SELL,LIMIT,10001,25,GTC
503,1700000000012805929,1,SELL,MARKET,0,50,IOC
504,1700000000012818694,1,BUY,LIMIT,9984,10,GTC
505,1700000000012861614,1,BUY,LIMIT,9971,10,GTC
506,1700000000012887215,1,BUY,LIMIT,9984,20,GTC
507,1700000000012912782,1,BUY,LIMIT,9992,1,GTC
508,1700000000012938734,1,SELL,LIMIT,9995,25,GTC
509,1700000000012943073,1,BUY,LIMIT,9976,20,IOC
510,1700000000012954034,1,SELL,LIMIT,9996,10,GTC
511,1700000000012968913,1,BUY,LIMIT,9986,1,GTC
512,1700000000012980953,1,SELL,LIMIT,9981,10,GTC
513,1700000000013027554,1,SELL,LIMIT,9990,1,GTC
514,1700000000013060312,1,BUY,LIMIT,9974,10,GTC
515,1700000000013062118,1,BUY,LIMIT,9973,10,GTC
516,1700000000013084949,1,BUY,LIMIT,9991,10,GTC
517,1700000000013095129,1,BUY,LIMIT,10001,1,GTC
518,1700000000013100382,1,SELL,LIMIT,9978,25,GTC
519,1700000000013122024,1,SELL,LIMIT,9992,20,GTC
520,1700000000013165068,1,SELL,LIMIT,9985,100,GTC
521,1700000000013180198,1,BUY,LIMIT,9993,25,GTC
522,1700000000013189043,1,SELL,LIMIT,9982,20,GTC
523,1700000000013201475,1,SELL,LIMIT,10001,1,GTC
524,1700000000013234492,1,BUY,LIMIT,9991,5,GTC
525,1700000000013255931,1,BUY,MARKET,0,25,IOC
526,1700000000013285701,1,SELL,LIMIT,9994,25,GTC
527,1700000000013333414,1,BUY,LIMIT,9967,5,GTC
528,1700000000013366228,1,BUY,LIMIT,9975,50,GTC
529,1700000000013377387,1,BUY,LIMIT,9988,10,GTC
530,1700000000013384750,1,BUY,LIMIT,9971,20,IOC
531,1700000000013407397,1,BUY,LIMIT,9964,5,GTC
532,1700000000013447698,1,SELL,LIMIT,9982,10,IOC
533,1700000000013493889,1,BUY,LIMIT,9966,50,GTC
534,1700000000013509956,1,SELL,LIMIT,9969,20,GTC
535,1700000000013534103,1,BUY,LIMIT,9984,1,GTC
536,1700000000013547688,1,BUY,LIMIT,9976,100,GTC
537,1700000000013555757,1,BUY,LIMIT,9961,100,GTC
538,1700000000013598322,1,SELL,LIMIT,9979,5,GTC
539,1700000000013601746,1,BUY,LIMIT,9964,100,GTC
540,1700000000013612150,1,BUY,LIMIT,9977,1,GTC
541,1700000000013651298,1,SELL,LIMIT,9975,50,GTC
542,1700000000013689331,1,SELL,LIMIT,9978,100,GTC
543,1700000000013722736,1,BUY,MARKET,0,1,IOC
544,1700000000013731118,1,SELL,LIMIT,9972,10,GTC
545,1700000000013739887,1,BUY,LIMIT,9959,10,GTC
546,1700000000013779384,1,BUY,LIMIT,9964,10,GTC
547,1700000000013816345,1,BUY,LIMIT,9975,50,GTC
548,1700000000013862747,1,SELL,LIMIT,9966,1,GTC
549,1700000000013900379,1,SELL,LIMIT,9954,10,GTC
550,1700000000013919628,1,SELL,LIMIT,9955,5,GTC
551,1700000000013957616,1,SELL,LIMIT,9968,100,GTC
552,1700000000013960657,1,BUY,LIMIT,9968,50,GTC
553,1700000000013978758,1,SELL,LIMIT,9963,100,IOC
554,1700000000014024883,1,BUY,LIMIT,9964,100,GTC
555,1700000000014046411,1,BUY,LIMIT,9961,100,GTC
556,1700000000014073595,1,SELL,LIMIT,9958,10,GTC
557,1700000000014078395,1,BUY,LIMIT,9969,10,GTC
558,1700000000014090281,1,SELL,LIMIT,9981,1,GTC
559,1700000000014094094,1,SELL,LIMIT,9956,100,GTC
560,1700000000014136236,1,SELL,LIMIT,9980,50,GTC
561,1700000000014167838,1,SELL,LIMIT,9966,10,GTC
562,1700000000014187020,1,SELL,LIMIT,9978,5,GTC
563,1700000000014202026,1,BUY,LIMIT,9967,10,GTC
564,1700000000014247234,1,BUY,LIMIT,9971,1,GTC
565,1700000000014262398,1,BUY,LIMIT,9953,1,GTC
566,1700000000014290672,1,SELL,LIMIT,9969,20,GTC
567,1700000000014329476,1,SELL,LIMIT,9953,50,GTC
568,1700000000014366771,1,BUY,LIMIT,9974,25,GTC
569,1700000000014389309,1,SELL,LIMIT,9967,5,GTC
570,1700000000014402153,1,SELL,LIMIT,9953,20,GTC
571,1700000000014445941,1,SELL,LIMIT,9944,50,GTC
572,1700000000014463442,1,SELL,LIMIT,9962,20,GTC
573,1700000000014486431,1,BUY,LIMIT,9960,10,GTC
574,1700000000014520178,1,SELL,LIMIT,9964,25,GTC
575,1700000000014527074,1,SELL,LIMIT,9971,20,GTC
576,1700000000014572119,1,BUY,LIMIT,9968,10,GTC
577,1700000000014600175,1,SELL,LIMIT,9949,20,GTC
578,1700000000014631512,1,SELL,LIMIT,9963,5,GTC
579,1700000000014644761,1,SELL,LIMIT,9972,100,GTC
580,1700000000014655142,1,BUY,LIMIT,9959,1,GTC
581,1700000000014665028,1,SELL,LIMIT,9959,100,GTC
582,1700000000014686067,1,SELL,LIMIT,9942,10,GTC
583,1700000000014724334,1,BUY,LIMIT,9948,10,GTC
584,1700000000014766350,1,BUY,LIMIT,9969,50,GTC
585,1700000000014814734,1,BUY,LIMIT,9957,10,IOC
586,1700000000014816408,1,SELL,LIMIT,9968,10,GTC
587,1700000000014837361,1,BUY,LIMIT,9953,25,GTC
588,1700000000014857403,1,BUY,LIMIT,9953,1,GTC
589,1700000000014880364,1,BUY,LIMIT,9959,10,GTC
590,1700000000014882117,1,BUY,LIMIT,9973,50,GTC
591,1700000000014890688,1,BUY,LIMIT,9947,10,GTC
592,1700000000014926232,1,SELL,LIMIT,9952,20,GTC
593,1700000000014929893,1,BUY,LIMIT,9962,1,GTC
594,1700000000014976390,1,BUY,LIMIT,9946,100,GTC
595,1700000000015020306,1,BUY,LIMIT,9941,5,GTC
596,1700000000015054333,1,BUY,LIMIT,9946,5,GTC
597,1700000000015094744,1,SELL,LIMIT,9969,10,GTC
598,1700000000015114600,1,SELL,LIMIT,9948,50,GTC
599,1700000000015136766,1,BUY,LIMIT,9946,100,GTC
600,1700000000015147040,1,BUY,LIMIT,9967,100,GTC
601,1700000000015164310,1,SELL,MARKET,0,5,IOC
602,1700000000015171351,1,BUY,LIMIT,9946,1,GTC
603,1700000000015195458,1,BUY,MARKET,0,20,IOC
604,1700000000015196591,1,SELL,LIMIT,9946,1,GTC
605,1700000000015237841,1,BUY,LIMIT,9956,100,GTC
606,1700000000015264606,1,SELL,LIMIT,9971,5,GTC
607,1700000000015292745,1,SELL,LIMIT,9957,100,GTC
608,1700000000015303691,1,SELL,LIMIT,9951,1,GTC
609,1700000000015316070,1,BUY,LIMIT,9969,100,GTC
610,1700000000015348229,1,BUY,LIMIT,9945,10,GTC
611,1700000000015349539,1,BUY,LIMIT,9946,25,GTC
612,1700000000015393937,1,SELL,LIMIT,9970,10,GTC
613,1700000000015437803,1,BUY,LIMIT,9972,50,GTC
614,1700000000015474894,1,BUY,LIMIT,9973,10,GTC
615,1700000000015507889,1,BUY,LIMIT,9958,100,GTC
616,1700000000015511688,1,BUY,LIMIT,9966,20,GTC
617,1700000000015542275,1,BUY,LIMIT,9969,5,GTC
618,1700000000015550554,1,SELL,LIMIT,9984,25,GTC
619,1700000000015578077,1,SELL,MARKET,0,50,IOC
620,1700000000015618174,1,SELL,MARKET,0,5,IOC
621,1700000000015641012,1,SELL,LIMIT,9972,100,GTC
622,1700000000015688478,1,SELL,LIMIT,9981,100,GTC
623,1700000000015689121,1,BUY,LIMIT,9959,10,GTC
624,1700000000015735633,1,BUY,LIMIT,9980,25,GTC
625,1700000000015743142,1,BUY,LIMIT,9956,50,GTC
626,1700000000015773594,1,SELL,LIMIT,9980,10,GTC
627,1700000000015815594,1,SELL,LIMIT,9957,1,GTC
628,1700000000015848785,1,SELL,LIMIT,9985,10,GTC
629,1700000000015887631,1,SELL,MARKET,0,50,IOC
630,1700000000015936004,1,SELL,LIMIT,9983,10,GTC
631,1700000000015969541,1,BUY,LIMIT,9976,25,GTC
632,1700000000015996115,1,BUY,LIMIT,9979,20,GTC
633,1700000000016042588,1,SELL,LIMIT,9960,20,GTC
634,1700000000016056253,1,SELL,LIMIT,9986,10,GTC
635,1700000000016103309,1,SELL,LIMIT,9966,10,GTC
636,1700000000016150362,1,SELL,LIMIT,9974,25,GTC
637,1700000000016195049,1,SELL,LIMIT,9972,50,GTC
638,1700000000016229806,1,SELL,LIMIT,9984,1,GTC
639,1700000000016279470,1,BUY,LIMIT,9974,20,GTC
640,1700000000016325228,1,BUY,LIMIT,9964,1,GTC
641,1700000000016332444,1,BUY,LIMIT,9960,100,GTC
642,1700000000016348515,1,SELL,LIMIT,9987,50,GTC
643,1700000000016374022,1,SELL,LIMIT,9970,1,GTC
644,1700000000016375371,1,BUY,LIMIT,9982,1,GTC
645,1700000000016390652,1,BUY,LIMIT,9987,100,GTC
646,1700000000016438659,1,SELL,LIMIT,9989,10,GTC
647,1700000000016487333,1,BUY,LIMIT,9984,10,GTC
648,1700000000016524310,1,BUY,MARKET,0,20,IOC
649,1700000000016571320,1,BUY,LIMIT,9971,100,IOC
650,1700000000016603968,1,BUY,LIMIT,9980,20,GTC
651,1700000000016616518,1,SELL,LIMIT,9989,10,GTC
652,1700000000016623043,1,BUY,LIMIT,9978,50,GTC
653,1700000000016637859,1,BUY,LIMIT,9974,20,GTC
654,1700000000016645877,1,SELL,LIMIT,9984,1,GTC
655,1700000000016648990,1,BUY,LIMIT,9989,10,GTC
656,1700000000016666305,1,SELL,LIMIT,9996,50,GTC
657,1700000000016700510,1,SELL,MARKET,0,25,IOC
658,1700000000016722002,1,SELL,LIMIT,9984,10,GTC
659,1700000000016763588,1,BUY,LIMIT,10006,1,GTC
660,1700000000016770898,1,BUY,LIMIT,9979,50,GTC
661,1700000000016820346,1,SELL,LIMIT,9994,5,GTC
662,1700000000016824402,1,BUY,LIMIT,9983,5,IOC
663,1700000000016851616,1,SELL,LIMIT,9989,20,GTC
664,1700000000016887166,1,BUY,LIMIT,9981,5,IOC
665,1700000000016933599,1,SELL,LIMIT,9992,1,GTC
666,1700000000016973850,1,BUY,LIMIT,9974,20,GTC
667,1700000000017005413,1,BUY,LIMIT,9980,1,GTC
668,1700000000017047465,1,SELL,LIMIT,9978,20,GTC
669,1700000000017048695,1,BUY,LIMIT,9994,25,GTC
670,1700000000017084397,1,SELL,LIMIT,9966,50,IOC
671,1700000000017098773,1,SELL,LIMIT,9989,25,GTC
672,1700000000017139701,1,SELL,LIMIT,9970,10,GTC
673,1700000000017189421,1,BUY,LIMIT,9990,1,GTC
674,1700000000017196356,1,BUY,LIMIT,9979,20,GTC
675,1700000000017203412,1,SELL,LIMIT,9978,10,GTC
676,1700000000017244304,1,SELL,LIMIT,9977,25,GTC
677,1700000000017272873,1,BUY,LIMIT,9987,25,GTC
678,1700000000017291505,1,BUY,LIMIT,9974,50,GTC
679,1700000000017321191,1,BUY,LIMIT,9980,100,GTC
680,1700000000017340081,1,SELL,LIMIT,9972,5,GTC
681,1700000000017388253,1,SELL,LIMIT,9978,5,GTC
682,1700000000017427421,1,SELL,LIMIT,9989,50,IOC
683,1700000000017470775,1,SELL,LIMIT,9984,100,GTC
684,1700000000017480049,1,BUY,LIMIT,9998,20,GTC
685,1700000000017520790,1,SELL,LIMIT,9981,10,GTC
686,1700000000017569519,1,BUY,LIMIT,9986,10,GTC
687,1700000000017574138,1,BUY,LIMIT,9981,10,GTC
688,1700000000017608578,1,BUY,MARKET,0,10,IOC
689,1700000000017651579,1,BUY,LIMIT,9990,1,GTC
690,1700000000017690000,1,BUY,LIMIT,9995,20,GTC
691,1700000000017724360,1,SELL,LIMIT,9988,5,GTC
692,1700000000017756766,1,BUY,LIMIT,9991,25,GTC
693,1700000000017768119,1,BUY,LIMIT,9994,100,GTC
694,1700000000017792357,1,BUY,LIMIT,9982,10,GTC
695,1700000000017840059,1,SELL,LIMIT,9984,25,GTC
696,1700000000017842030,1,BUY,LIMIT,9980,50,GTC
697,1700000000017880034,1,BUY,LIMIT,9977,1,GTC
698,1700000000017919813,1,BUY,LIMIT,9975,50,GTC
699,1700000000017925932,1,SELL,LIMIT,9994,20,GTC
700,1700000000017953352,1,BUY,LIMIT,9996,10,GTC
701,1700000000017964843,1,BUY,LIMIT,9994,20,GTC
702,1700000000017990129,1,SELL,LIMIT,9991,10,GTC
703,1700000000018000430,1,BUY,MARKET,0,50,IOC
704,1700000000018007037,1,BUY,LIMIT,9992,5,GTC
705,1700000000018041749,1,SELL,LIMIT,9990,50,GTC
706,1700000000018057288,1,BUY,MARKET,0,50,IOC
707,1700000000018085672,1,BUY,LIMIT,9987,5,GTC
708,1700000000018125381,1,BUY,LIMIT,10003,20,GTC
709,1700000000018163759,1,BUY,LIMIT,9997,1,GTC
710,1700000000018209332,1,BUY,MARKET,0,10,IOC
711,1700000000018226956,1,BUY,LIMIT,9983,20,GTC
712,1700000000018276933,1,SELL,LIMIT,10001,50,GTC
713,1700000000018294064,1,BUY,LIMIT,9995,100,GTC
714,1700000000018343572,1,SELL,LIMIT,9991,5,GTC
715,1700000000018366251,1,BUY,LIMIT,9982,50,GTC
716,1700000000018408423,1,SELL,LIMIT,10002,50,GTC
717,1700000000018414699,1,SELL,LIMIT,9992,50,GTC
718,1700000000018441455,1,BUY,LIMIT,9993,50,IOC
719,1700000000018483917,1,SELL,LIMIT,10005,10,GTC
720,1700000000018497179,1,BUY,LIMIT,9996,20,GTC
721,1700000000018541851,1,SELL,LIMIT,9994,10,GTC
722,1700000000018568528,1,BUY,LIMIT,9974,20,GTC
723,1700000000018574937,1,SELL,LIMIT,9974,5,GTC
724,1700000000018593558,1,BUY,LIMIT,9998,25,GTC
725,1700000000018611169,1,SELL,LIMIT,9996,1,GTC
726,1700000000018619337,1,BUY,LIMIT,9967,25,GTC
727,1700000000018665331,1,SELL,LIMIT,9985,20,GTC
728,1700000000018695902,1,SELL,LIMIT,9992,25,GTC
729,1700000000018700829,1,BUY,LIMIT,9970,20,GTC
730,1700000000018728357,1,SELL,LIMIT,9991,25,GTC
731,1700000000018745126,1,SELL,MARKET,0,20,IOC
732,1700000000018776857,1,BUY,LIMIT,9994,10,GTC
733,1700000000018810059,1,BUY,LIMIT,9975,10,GTC
734,1700000000018823847,1,BUY,LIMIT,9996,10,GTC
735,1700000000018829490,1,BUY,LIMIT,9976,5,GTC
736,1700000000018861597,1,SELL,LIMIT,9974,1,GTC
737,1700000000018894262,1,SELL,LIMIT,10001,20,GTC
738,1700000000018898310,1,SELL,LIMIT,9979,10,GTC
739,1700000000018924612,1,SELL,LIMIT,9989,25,IOC
740,1700000000018945798,1,SELL,LIMIT,9978,100,GTC
741,1700000000018969995,1,BUY,LIMIT,9989,25,GTC
742,1700000000019010674,1,SELL,LIMIT,9986,100,GTC
743,1700000000019035099,1,BUY,LIMIT,9983,25,GTC
744,1700000000019042144,1,BUY,LIMIT,9998,10,GTC
745,1700000000019052202,1,BUY,LIMIT,9995,10,GTC
746,1700000000019085443,1,SELL,LIMIT,10010,50,IOC
747,1700000000019117834,1,SELL,LIMIT,9999,25,GTC
748,1700000000019122268,1,BUY,LIMIT,9983,10,GTC
749,1700000000019139792,1,SELL,LIMIT,10000,25,GTC
750,1700000000019167277,1,BUY,LIMIT,10004,1,GTC
751,1700000000019186429,1,BUY,LIMIT,9995,10,GTC
752,1700000000019211902,1,BUY,LIMIT,9999,5,GTC
753,1700000000019240046,1,BUY,LIMIT,9980,25,GTC
754,1700000000019263065,1,SELL,LIMIT,10007,10,GTC
755,1700000000019281341,1,BUY,LIMIT,9998,50,GTC
756,1700000000019308972,1,SELL,LIMIT,9999,100,GTC
757,1700000000019352858,1,BUY,MARKET,0,10,IOC
758,1700000000019360108,1,SELL,LIMIT,9975,50,GTC
759,1700000000019394947,1,BUY,LIMIT,9987,50,GTC
760,1700000000019415721,1,SELL,LIMIT,9992,50,GTC
761,1700000000019418093,1,BUY,LIMIT,9991,10,GTC
762,1700000000019454020,1,SELL,LIMIT,9978,100,GTC
763,1700000000019493240,1,SELL,LIMIT,9997,10,GTC
764,1700000000019516492,1,BUY,LIMIT,9996,20,GTC
765,1700000000019534018,1,SELL,LIMIT,9982,50,GTC
766,1700000000019557054,1,BUY,MARKET,0,10,IOC
767,1700000000019588819,1,BUY,MARKET,0,100,IOC
768,1700000000019625246,1,BUY,LIMIT,9973,1,GTC
769,1700000000019672600,1,BUY,LIMIT,9976,10,GTC
770,1700000000019714081,1,SELL,LIMIT,9972,50,GTC
771,1700000000019733237,1,SELL,LIMIT,9982,20,GTC
772,1700000000019745691,1,SELL,LIMIT,9978,5,GTC
773,1700000000019758497,1,BUY,LIMIT,9982,100,GTC
774,1700000000019771182,1,BUY,MARKET,0,1,IOC
775,1700000000019777593,1,BUY,LIMIT,9973,10,GTC
776,1700000000019802432,1,BUY,LIMIT,9970,100,GTC
777,1700000000019852121,1,SELL,MARKET,0,5,IOC
778,1700000000019865216,1,BUY,LIMIT,9957,10,GTC
779,1700000000019890934,1,BUY,LIMIT,9958,10,GTC
780,1700000000019925587,1,SELL,LIMIT,9962,5,GTC
781,1700000000019936481,1,SELL,LIMIT,9984,25,GTC
782,1700000000019968518,1,SELL,LIMIT,9982,20,GTC
783,1700000000019976418,1,BUY,LIMIT,9968,10,GTC
784,1700000000020002857,1,SELL,LIMIT,9970,5,GTC
785,1700000000020048472,1,BUY,LIMIT,9986,100,GTC
786,1700000000020093926,1,BUY,LIMIT,9976,5,GTC
787,1700000000020117725,1,BUY,LIMIT,9994,1,GTC
788,1700000000020138982,1,BUY,LIMIT,9975,10,GTC
789,1700000000020140881,1,SELL,LIMIT,9998,10,GTC
790,1700000000020187690,1,BUY,LIMIT,9983,100,GTC
791,1700000000020223816,1,SELL,LIMIT,9990,10,GTC
792,1700000000020228829,1,BUY,LIMIT,10001,10,GTC
793,1700000000020229376,1,BUY,LIMIT,9983,100,GTC
794,1700000000020270521,1,SELL,LIMIT,9983,25,GTC
795,1700000000020283464,1,BUY,MARKET,0,50,IOC
796,1700000000020310820,1,SELL,LIMIT,9981,25,GTC
797,1700000000020323027,1,BUY,LIMIT,10000,10,GTC
798,1700000000020366644,1,BUY,LIMIT,9988,50,GTC
799,1700000000020406855,1,SELL,LIMIT,9990,10,IOC
800,1700000000020438029,1,BUY,LIMIT,9990,5,GTC
801,1700000000020462716,1,SELL,LIMIT,10009,50,GTC
802,1700000000020483132,1,SELL,LIMIT,9996,5,GTC
803,1700000000020518474,1,SELL,LIMIT,9988,10,GTC
804,1700000000020555570,1,BUY,LIMIT,9992,10,GTC
805,1700000000020600273,1,SELL,LIMIT,10010,25,GTC
806,1700000000020636815,1,SELL,LIMIT,9988,10,GTC
807,1700000000020660404,1,SELL,LIMIT,10002,100,GTC
808,1700000000020708474,1,SELL,LIMIT,10011,50,GTC
809,1700000000020732567,1,SELL,LIMIT,9989,20,GTC
810,1700000000020772110,1,BUY,LIMIT,10006,20,IOC
811,1700000000020786688,1,SELL,LIMIT,9989,10,IOC
812,1700000000020823472,1,BUY,LIMIT,10013,20,GTC
813,1700000000020847280,1,SELL,LIMIT,9988,100,GTC
814,1700000000020867460,1,BUY,LIMIT,10000,20,GTC
815,1700000000020899583,1,SELL,LIMIT,9985,25,GTC
816,1700000000020939092,1,BUY,LIMIT,9999,5,GTC
817,1700000000020961506,1,BUY,LIMIT,9997,1,GTC
818,1700000000021011005,1,SELL,LIMIT,10007,10,GTC
819,1700000000021015052,1,SELL,LIMIT,10000,50,GTC
820,1700000000021025591,1,SELL,LIMIT,9997,10,GTC
821,1700000000021040645,1,SELL,LIMIT,9990,5,GTC
822,1700000000021078594,1,BUY,LIMIT,9980,100,GTC
823,1700000000021124829,1,BUY,LIMIT,9980,50,GTC
824,1700000000021162105,1,SELL,LIMIT,9982,10,GTC
825,1700000000021183800,1,SELL,LIMIT,9984,50,GTC
826,1700000000021207126,1,SELL,LIMIT,10000,25,GTC
827,1700000000021230545,1,BUY,LIMIT,9977,10,GTC
828,1700000000021246346,1,SELL,LIMIT,9997,1,GTC
829,1700000000021295315,1,SELL,LIMIT,9999,5,GTC
830,1700000000021296715,1,BUY,LIMIT,9977,20,GTC
831,1700000000021310912,1,SELL,LIMIT,9986,25,GTC
832,1700000000021352243,1,SELL,LIMIT,9990,100,GTC
833,1700000000021369484,1,SELL,LIMIT,9997,1,IOC
834,1700000000021400455,1,BUY,LIMIT,9996,1,GTC
835,1700000000021444404,1,SELL,MARKET,0,20,IOC
836,1700000000021460053,1,SELL,LIMIT,9982,50,IOC
837,1700000000021472770,1,SELL,LIMIT,10007,5,GTC
838,1700000000021489483,1,SELL,LIMIT,10006,1,GTC
839,1700000000021534830,1,BUY,LIMIT,10001,25,GTC
840,1700000000021576341,1,BUY,LIMIT,9993,1,GTC
841,1700000000021591624,1,SELL,LIMIT,10002,20,GTC
842,1700000000021626249,1,BUY,LIMIT,9978,50,GTC
843,1700000000021654697,1,SELL,LIMIT,9983,10,GTC
844,1700000000021693275,1,SELL,LIMIT,9992,10,GTC
845,1700000000021721959,1,SELL,LIMIT,9980,10,GTC
846,1700000000021758984,1,BUY,LIMIT,10008,5,GTC
847,1700000000021807133,1,SELL,LIMIT,9990,10,GTC
848,1700000000021836665,1,SELL,LIMIT,9990,20,GTC
849,1700000000021849481,1,SELL,LIMIT,10008,10,GTC
850,1700000000021889669,1,BUY,MARKET,0,20,IOC
851,1700000000021895377,1,SELL,LIMIT,9984,25,GTC
852,1700000000021907934,1,SELL,LIMIT,10006,25,GTC
853,1700000000021935211,1,BUY,LIMIT,9987,1,GTC
854,1700000000021949117,1,SELL,LIMIT,10015,10,GTC
855,1700000000021994696,1,BUY,LIMIT,9996,100,GTC
856,1700000000022035037,1,SELL,LIMIT,9994,1,GTC
857,1700000000022069658,1,SELL,LIMIT,9995,1,GTC
858,1700000000022104151,1,BUY,LIMIT,9981,10,GTC
859,1700000000022117093,1,BUY,LIMIT,9998,1,GTC
860,1700000000022128503,1,BUY,LIMIT,10004,100,GTC
861,1700000000022159384,1,BUY,LIMIT,10002,10,GTC
862,1700000000022185644,1,SELL,LIMIT,9999,10,GTC
863,1700000000022224830,1,BUY,MARKET,0,100,IOC
864,1700000000022272409,1,SELL,LIMIT,9987,10,GTC
865,1700000000022307237,1,BUY,LIMIT,10000,5,GTC
866,1700000000022332554,1,BUY,LIMIT,10003,10,GTC
867,1700000000022343678,1,BUY,LIMIT,10016,10,GTC
868,1700000000022392029,1,BUY,LIMIT,9990,20,GTC
869,1700000000022405823,1,SELL,LIMIT,9996,10,GTC
870,1700000000022441941,1,SELL,LIMIT,10001,100,GTC
871,1700000000022472177,1,BUY,LIMIT,9996,100,GTC
872,1700000000022513293,1,BUY,LIMIT,9988,20,GTC
873,1700000000022556606,1,SELL,LIMIT,9990,1,GTC
874,1700000000022578805,1,BUY,LIMIT,10008,20,GTC
875,1700000000022619353,1,BUY,LIMIT,9989,20,GTC
876,1700000000022668961,1,SELL,LIMIT,10010,100,GTC
877,1700000000022690617,1,BUY,MARKET,0,20,IOC
878,1700000000022710308,1,SELL,LIMIT,10008,5,GTC
879,1700000000022745191,1,BUY,LIMIT,9992,50,GTC
880,1700000000022777388,1,SELL,LIMIT,9985,5,GTC
881,1700000000022794905,1,SELL,LIMIT,10006,25,GTC
882,1700000000022829464,1,SELL,LIMIT,10014,100,GTC
883,1700000000022876401,1,SELL,LIMIT,9991,10,GTC
884,1700000000022907367,1,SELL,MARKET,0,1,IOC
885,1700000000022935001,1,SELL,LIMIT,9992,50,GTC
886,1700000000022980721,1,BUY,LIMIT,10003,10,GTC
887,1700000000023014427,1,BUY,MARKET,0,20,IOC
888,1700000000023037298,1,BUY,MARKET,0,25,IOC
889,1700000000023059458,1,SELL,LIMIT,9983,10,GTC
890,1700000000023102271,1,BUY,LIMIT,10014,1,GTC
891,1700000000023133079,1,BUY,LIMIT,10011,25,GTC
892,1700000000023170603,1,SELL,LIMIT,9986,20,GTC
893,1700000000023194276,1,SELL,LIMIT,9986,25,GTC
894,1700000000023235835,1,SELL,LIMIT,9983,50,GTC
895,1700000000023285587,1,SELL,LIMIT,9996,5,GTC
896,1700000000023318661,1,SELL,LIMIT,9984,5,GTC
897,1700000000023330630,1,BUY,LIMIT,9990,20,GTC
898,1700000000023337198,1,BUY,MARKET,0,10,IOC
899,1700000000023359987,1,SELL,LIMIT,10006,10,GTC
900,1700000000023394313,1,SELL,LIMIT,10002,5,GTC
901,1700000000023395082,1,SELL,LIMIT,9981,5,GTC
902,1700000000023426179,1,SELL,LIMIT,9998,25,GTC
903,1700000000023468546,1,BUY,LIMIT,9999,20,GTC
904,1700000000023513028,1,BUY,LIMIT,9982,100,GTC
905,1700000000023527066,1,BUY,LIMIT,9974,5,IOC
906,1700000000023565189,1,BUY,LIMIT,9976,20,GTC
907,1700000000023569013,1,BUY,LIMIT,9998,100,GTC
908,1700000000023575156,1,BUY,LIMIT,9969,1,GTC
909,1700000000023616046,1,BUY,LIMIT,9996,100,GTC
910,1700000000023647065,1,BUY,LIMIT,9989,5,GTC
911,1700000000023677422,1,BUY,LIMIT,9997,5,GTC
912,1700000000023687340,1,SELL,LIMIT,9981,10,GTC
913,1700000000023709123,1,SELL,LIMIT,9981,25,GTC
914,1700000000023732655,1,BUY,MARKET,0,5,IOC
915,1700000000023766443,1,BUY,LIMIT,9994,10,GTC
916,1700000000023786742,1,BUY,LIMIT,9970,5,GTC
917,1700000000023818854,1,BUY,LIMIT,9975,10,GTC
918,1700000000023856526,1,BUY,LIMIT,9990,50,GTC
919,1700000000023905481,1,BUY,LIMIT,9976,5,GTC
920,1700000000023942359,1,SELL,LIMIT,9991,25,GTC
921,1700000000023987784,1,SELL,LIMIT,10000,5,GTC
922,1700000000023994217,1,SELL,LIMIT,9983,1,GTC
923,1700000000024004332,1,SELL,LIMIT,9999,1,GTC
924,1700000000024017655,1,BUY,LIMIT,9985,100,GTC
925,1700000000024046645,1,SELL,LIMIT,9989,20,GTC
926,1700000000024055504,1,SELL,LIMIT,9975,50,GTC
927,1700000000024102099,1,BUY,LIMIT,9993,1,GTC
928,1700000000024118015,1,SELL,LIMIT,10004,1,GTC
929,1700000000024143521,1,SELL,LIMIT,9987,50,GTC
930,1700000000024167632,1,SELL,LIMIT,9992,50,GTC
931,1700000000024168892,1,BUY,LIMIT,10007,10,GTC
932,1700000000024178290,1,SELL,LIMIT,10005,50,GTC
933,1700000000024219635,1,BUY,LIMIT,10001,50,GTC
934,1700000000024234929,1,BUY,LIMIT,9998,25,GTC
935,1700000000024283330,1,BUY,MARKET,0,100,IOC
936,1700000000024286022,1,SELL,LIMIT,9997,25,GTC
937,1700000000024295833,1,SELL,LIMIT,9968,5,GTC
938,1700000000024330211,1,SELL,LIMIT,9991,100,GTC
939,1700000000024375542,1,SELL,LIMIT,9971,5,GTC
940,1700000000024411105,1,SELL,LIMIT,9985,25,GTC
941,1700000000024439196,1,BUY,LIMIT,9997,25,GTC
942,1700000000024487338,1,SELL,LIMIT,9977,20,GTC
943,1700000000024525727,1,SELL,MARKET,0,100,IOC
944,1700000000024545023,1,SELL,LIMIT,9978,1,GTC
945,1700000000024554209,1,BUY,LIMIT,9996,20,GTC
946,1700000000024593491,1,BUY,LIMIT,9970,10,GTC
947,1700000000024625770,1,BUY,LIMIT,9997,10,GTC
948,1700000000024665299,1,SELL,LIMIT,9980,10,GTC
949,1700000000024709096,1,BUY,LIMIT,9986,10,GTC
950,1700000000024713156,1,SELL,LIMIT,9991,25,GTC
951,1700000000024744866,1,BUY,LIMIT,9976,50,GTC
952,1700000000024790160,1,BUY,LIMIT,10003,50,GTC
953,1700000000024809586,1,BUY,LIMIT,9992,1,GTC
954,1700000000024816466,1,BUY,LIMIT,10009,1,GTC
955,1700000000024838918,1,SELL,LIMIT,9993,20,GTC
956,1700000000024883673,1,BUY,LIMIT,9999,100,GTC
957,1700000000024928587,1,BUY,LIMIT,10005,25,GTC
958,1700000000024929870,1,SELL,LIMIT,9983,5,GTC
959,1700000000024946878,1,BUY,LIMIT,9997,20,GTC
960,1700000000024986659,1,BUY,LIMIT,9982,10,GTC
961,1700000000025011797,1,BUY,LIMIT,9985,10,GTC
962,1700000000025057887,1,SELL,LIMIT,10010,5,GTC
963,1700000000025076500,1,BUY,LIMIT,10012,100,GTC
964,1700000000025087614,1,BUY,LIMIT,10009,20,GTC
965,1700000000025105037,1,BUY,LIMIT,9999,1,GTC
966,1700000000025145533,1,BUY,LIMIT,10004,10,GTC
967,1700000000025160345,1,BUY,LIMIT,9992,50,GTC
968,1700000000025165623,1,SELL,LIMIT,10010,1,GTC
969,1700000000025175878,1,SELL,LIMIT,9999,100,IOC
970,1700000000025222256,1,SELL,LIMIT,10007,10,GTC
971,1700000000025254091,1,SELL,LIMIT,10001,100,GTC
972,1700000000025254807,1,BUY,LIMIT,10010,10,GTC
973,1700000000025277159,1,SELL,LIMIT,10000,25,GTC
974,1700000000025301602,1,BUY,MARKET,0,5,IOC
975,1700000000025344555,1,SELL,LIMIT,10012,20,GTC
976,1700000000025388356,1,BUY,MARKET,0,50,IOC
977,1700000000025420739,1,BUY,LIMIT,9985,25,GTC
978,1700000000025422901,1,SELL,LIMIT,9985,10,GTC
979,1700000000025456148,1,SELL,LIMIT,9993,20,GTC
980,1700000000025478883,1,SELL,LIMIT,10012,1,GTC
981,1700000000025523821,1,BUY,LIMIT,9991,100,GTC
982,1700000000025526737,1,SELL,LIMIT,10000,5,GTC
983,1700000000025543141,1,BUY,LIMIT,9999,1,GTC
984,1700000000025563782,1,SELL,MARKET,0,1,IOC
985,1700000000025571250,1,SELL,LIMIT,9992,5,GTC
986,1700000000025599682,1,BUY,LIMIT,9991,10,GTC
987,1700000000025645014,1,SELL,LIMIT,10004,5,GTC
988,1700000000025684382,1,SELL,LIMIT,10014,1,GTC
989,1700000000025730514,1,BUY,LIMIT,9986,10,GTC
990,1700000000025737565,1,SELL,LIMIT,10010,10,GTC
991,1700000000025743355,1,SELL,LIMIT,10008,100,GTC
992,1700000000025771132,1,BUY,LIMIT,10003,20,GTC
993,1700000000025813563,1,SELL,LIMIT,10005,10,GTC
994,1700000000025853140,1,SELL,LIMIT,10012,1,GTC
995,1700000000025876436,1,SELL,LIMIT,9982,20,GTC
996,1700000000025917497,1,BUY,LIMIT,9983,5,GTC
997,1700000000025936112,1,SELL,LIMIT,9995,10,GTC
998,1700000000025969217,1,BUY,LIMIT,9997,100,GTC
999,1700000000025983452,1,BUY,LIMIT,9975,20,GTC
1000,1700000000025990795,1,BUY,LIMIT,10002,1,GTC
1001,1700000000026025039,1,BUY,LIMIT,9981,100,GTC
1002,1700000000026053002,1,BUY,LIMIT,9987,25,GTC
1003,1700000000026068429,1,SELL,LIMIT,9978,25,GTC
1004,1700000000026073747,1,BUY,LIMIT,9974,10,GTC
1005,1700000000026083745,1,SELL,MARKET,0,50,IOC
1006,1700000000026131419,1,SELL,LIMIT,9978,100,GTC
1007,1700000000026177283,1,SELL,LIMIT,9970,1,GTC
1008,1700000000026189002,1,BUY,LIMIT,9992,50,GTC
1009,1700000000026227389,1,BUY,LIMIT,9987,10,GTC
1010,1700000000026266658,1,SELL,LIMIT,9996,10,GTC
1011,1700000000026283399,1,SELL,LIMIT,9992,10,GTC
1012,1700000000026321497,1,BUY,LIMIT,9997,10,GTC
1013,1700000000026370066,1,BUY,MARKET,0,100,IOC
1014,1700000000026400217,1,SELL,LIMIT,9980,5,GTC
1015,1700000000026415004,1,BUY,LIMIT,9968,50,GTC
1016,1700000000026426107,1,BUY,LIMIT,9968,20,IOC
1017,1700000000026457000,1,BUY,LIMIT,9986,100,IOC
1018,1700000000026498578,1,BUY,LIMIT,9976,25,GTC
1019,1700000000026524301,1,SELL,MARKET,0,5,IOC
1020,1700000000026574142,1,BUY,MARKET,0,50,IOC
1021,1700000000026615304,1,SELL,LIMIT,9990,5,GTC
1022,1700000000026619183,1,SELL,MARKET,0,25,IOC
1023,1700000000026662161,1,BUY,LIMIT,9969,10,GTC
1024,1700000000026678300,1,SELL,LIMIT,9993,25,GTC
1025,1700000000026728159,1,BUY,LIMIT,10000,10,GTC
1026,1700000000026746821,1,SELL,LIMIT,10000,50,GTC
1027,1700000000026778133,1,BUY,LIMIT,9984,5,GTC
1028,1700000000026822758,1,SELL,LIMIT,9999,25,GTC
1029,1700000000026828979,1,SELL,LIMIT,9975,100,GTC
1030,1700000000026840277,1,BUY,LIMIT,10000,5,GTC
1031,1700000000026859990,1,BUY,LIMIT,9973,1,GTC
1032,1700000000026889578,1,SELL,LIMIT,9973,50,GTC
1033,1700000000026924131,1,SELL,LIMIT,9973,10,IOC
1034,1700000000026956491,1,BUY,LIMIT,9993,25,GTC
1035,1700000000026994166,1,SELL,LIMIT,9991,20,GTC
1036,1700000000027019038,1,SELL,LIMIT,9997,100,GTC
1037,1700000000027038175,1,SELL,MARKET,0,25,IOC
1038,1700000000027050620,1,SELL,LIMIT,9976,20,GTC
1039,1700000000027066711,1,SELL,LIMIT,9990,10,GTC
1040,1700000000027079302,1,BUY,LIMIT,9970,25,GTC
1041,1700000000027102336,1,SELL,MARKET,0,25,IOC
1042,1700000000027104469,1,BUY,LIMIT,9967,5,GTC
1043,1700000000027115196,1,SELL,LIMIT,9992,25,GTC
1044,1700000000027146754,1,SELL,LIMIT,9975,20,GTC
1045,1700000000027169450,1,SELL,LIMIT,9976,100,GTC
1046,1700000000027190140,1,BUY,LIMIT,9961,5,GTC
1047,1700000000027194246,1,BUY,LIMIT,9971,25,GTC
1048,1700000000027207572,1,SELL,LIMIT,9965,20,GTC
1049,1700000000027241612,1,BUY,LIMIT,9976,5,GTC
1050,1700000000027285809,1,BUY,LIMIT,9974,1,GTC
1051,1700000000027287107,1,BUY,LIMIT,9967,25,GTC
1052,1700000000027301742,1,BUY,LIMIT,9967,5,GTC
1053,1700000000027312976,1,SELL,LIMIT,9968,20,GTC
1054,1700000000027351957,1,SELL,LIMIT,9981,10,GTC
1055,1700000000027356789,1,BUY,LIMIT,9974,25,GTC
1056,1700000000027384454,1,SELL,LIMIT,9973,20,GTC
1057,1700000000027397144,1,SELL,LIMIT,9982,10,GTC
1058,1700000000027435996,1,BUY,LIMIT,9962,20,GTC
1059,1700000000027446590,1,BUY,LIMIT,9967,1,IOC
1060,1700000000027474428,1,BUY,LIMIT,9979,20,GTC
1061,1700000000027507240,1,BUY,LIMIT,9964,20,IOC
1062,1700000000027548896,1,SELL,LIMIT,9969,20,GTC
1063,1700000000027566405,1,BUY,LIMIT,9959,1,GTC
1064,1700000000027590326,1,SELL,LIMIT,9968,10,GTC
1065,1700000000027594018,1,BUY,LIMIT,9972,25,GTC
1066,1700000000027600711,1,BUY,LIMIT,9953,10,GTC
1067,1700000000027619001,1,SELL,LIMIT,9979,20,GTC
1068,1700000000027620346,1,SELL,LIMIT,9971,10,GTC
1069,1700000000027627558,1,SELL,LIMIT,9967,10,GTC
1070,1700000000027655409,1,BUY,LIMIT,9956,5,GTC
1071,1700000000027678729,1,SELL,LIMIT,9954,100,GTC
1072,1700000000027690514,1,SELL,LIMIT,9963,25,GTC
1073,1700000000027736105,1,BUY,LIMIT,9954,10,GTC
1074,1700000000027741699,1,BUY,LIMIT,9951,5,GTC
1075,1700000000027785438,1,SELL,LIMIT,9947,1,GTC
1076,1700000000027805706,1,SELL,LIMIT,9976,5,GTC
1077,1700000000027844715,1,BUY,LIMIT,9952,10,GTC
1078,1700000000027883209,1,BUY,LIMIT,9949,20,GTC
1079,1700000000027916798,1,BUY,LIMIT,9970,10,GTC
1080,1700000000027964209,1,BUY,LIMIT,9971,10,IOC
1081,1700000000027978734,1,SELL,LIMIT,9969,5,GTC
1082,1700000000028023374,1,SELL,LIMIT,9968,100,GTC
1083,1700000000028050585,1,BUY,LIMIT,9955,10,GTC
1084,1700000000028083578,1,SELL,LIMIT,9954,10,GTC
1085,1700000000028116433,1,BUY,LIMIT,9966,25,IOC
1086,1700000000028131735,1,BUY,LIMIT,9963,100,GTC
1087,1700000000028163408,1,BUY,LIMIT,9954,5,GTC
1088,1700000000028207954,1,BUY,MARKET,0,100,IOC
1089,1700000000028234328,1,BUY,LIMIT,9961,10,GTC
1090,1700000000028239068,1,SELL,LIMIT,9963,10,GTC
1091,1700000000028247613,1,SELL,LIMIT,9958,50,GTC
1092,1700000000028290307,1,SELL,LIMIT,9945,20,GTC
1093,1700000000028324323,1,BUY,LIMIT,9967,100,GTC
1094,1700000000028339950,1,BUY,LIMIT,9939,100,GTC
1095,1700000000028344921,1,SELL,MARKET,0,1,IOC
1096,1700000000028355430,1,SELL,LIMIT,9950,25,GTC
1097,1700000000028386471,1,SELL,LIMIT,9939,100,GTC
1098,1700000000028422395,1,BUY,LIMIT,9951,25,GTC
1099,1700000000028448036,1,BUY,LIMIT,9949,5,GTC
1100,1700000000028485017,1,BUY,LIMIT,9950,10,IOC
1101,1700000000028494330,1,SELL,LIMIT,9960,50,GTC
1102,1700000000028538088,1,SELL,LIMIT,9940,100,GTC
1103,1700000000028571794,1,SELL,LIMIT,9953,10,GTC
1104,1700000000028590934,1,BUY,LIMIT,9947,25,GTC
1105,1700000000028640065,1,BUY,LIMIT,9938,25,GTC
1106,1700000000028663184,1,BUY,LIMIT,9945,50,GTC
1107,1700000000028679911,1,BUY,MARKET,0,10,IOC
1108,1700000000028687912,1,SELL,LIMIT,9961,20,GTC
1109,1700000000028725639,1,BUY,LIMIT,9932,50,GTC
1110,1700000000028746882,1,SELL,LIMIT,9954,1,GTC
1111,1700000000028792658,1,SELL,LIMIT,9935,5,GTC
1112,1700000000028804078,1,BUY,LIMIT,9959,25,GTC
1113,1700000000028839694,1,BUY,LIMIT,9941,5,GTC
1114,1700000000028854997,1,BUY,MARKET,0,50,IOC
1115,1700000000028873412,1,SELL,LIMIT,9961,25,GTC
1116,1700000000028916611,1,SELL,LIMIT,9944,5,GTC
1117,1700000000028930223,1,BUY,LIMIT,9947,25,GTC
1118,1700000000028931942,1,BUY,LIMIT,9948,10,GTC
1119,1700000000028950001,1,SELL,LIMIT,9954,100,GTC
1120,1700000000028984728,1,SELL,LIMIT,9962,1,GTC
1121,1700000000029013761,1,BUY,LIMIT,9940,20,GTC
1122,1700000000029031754,1,BUY,LIMIT,9938,50,GTC
1123,1700000000029047883,1,BUY,LIMIT,9960,50,GTC
1124,1700000000029078802,1,BUY,MARKET,0,20,IOC
1125,1700000000029089745,1,SELL,LIMIT,9956,10,GTC
1126,1700000000029132469,1,BUY,LIMIT,9960,10,GTC
1127,1700000000029153541,1,BUY,LIMIT,9963,5,IOC
1128,1700000000029177859,1,BUY,MARKET,0,50,IOC
1129,1700000000029193828,1,SELL,LIMIT,9971,10,GTC
1130,1700000000029226863,1,SELL,LIMIT,9941,20,GTC
1131,1700000000029276408,1,BUY,LIMIT,9960,50,GTC
1132,1700000000029294900,1,BUY,LIMIT,9941,10,GTC
1133,1700000000029341250,1,BUY,LIMIT,9938,25,GTC
1134,1700000000029351246,1,BUY,LIMIT,9955,20,GTC
1135,1700000000029400206,1,BUY,LIMIT,9942,1,IOC
1136,1700000000029417285,1,SELL,MARKET,0,10,IOC
1137,1700000000029452840,1,BUY,LIMIT,9958,5,GTC
1138,1700000000029470086,1,BUY,LIMIT,9939,50,GTC
1139,1700000000029499346,1,BUY,LIMIT,9945,10,GTC
1140,1700000000029517805,1,BUY,LIMIT,9960,1,GTC
1141,1700000000029540110,1,BUY,LIMIT,9958,50,GTC
1142,1700000000029573793,1,BUY,LIMIT,9948,20,GTC
1143,1700000000029603997,1,BUY,LIMIT,9968,25,GTC
1144,1700000000029645794,1,BUY,MARKET,0,10,IOC
1145,1700000000029666854,1,SELL,LIMIT,9956,20,GTC
1146,1700000000029706283,1,BUY,LIMIT,9961,10,GTC
1147,1700000000029723866,1,BUY,LIMIT,9961,10,GTC
1148,1700000000029751530,1,SELL,LIMIT,9970,5,GTC
1149,1700000000029753388,1,BUY,LIMIT,9974,10,GTC
1150,1700000000029784193,1,SELL,LIMIT,9961,5,GTC
1151,1700000000029824040,1,BUY,LIMIT,9940,50,GTC
1152,1700000000029825465,1,BUY,LIMIT,9943,5,GTC
1153,1700000000029833731,1,SELL,LIMIT,9969,100,GTC
1154,1700000000029853102,1,SELL,LIMIT,9965,20,GTC
1155,1700000000029872146,1,BUY,LIMIT,9967,10,GTC
1156,1700000000029891664,1,SELL,LIMIT,9955,1,GTC
1157,1700000000029897782,1,BUY,LIMIT,9948,100,GTC
1158,1700000000029945031,1,BUY,LIMIT,9960,10,GTC
1159,1700000000029948946,1,SELL,LIMIT,9946,1,GTC
1160,1700000000029949797,1,SELL,LIMIT,9948,1,GTC
1161,1700000000029986968,1,SELL,LIMIT,9948,10,GTC
1162,1700000000030018144,1,SELL,LIMIT,9949,25,GTC
1163,1700000000030039174,1,BUY,LIMIT,9944,5,GTC
1164,1700000000030067860,1,SELL,LIMIT,9954,25,GTC
1165,1700000000030102240,1,SELL,LIMIT,9953,20,GTC
1166,1700000000030139156,1,BUY,LIMIT,9949,10,GTC
1167,1700000000030143232,1,SELL,LIMIT,9943,10,GTC
1168,1700000000030151335,1,BUY,LIMIT,9932,50,GTC
1169,1700000000030184143,1,BUY,LIMIT,9949,100,GTC
1170,1700000000030203262,1,SELL,LIMIT,9927,10,GTC
1171,1700000000030242005,1,SELL,LIMIT,9948,10,GTC
1172,1700000000030275149,1,SELL,LIMIT,9932,10,GTC
1173,1700000000030301481,1,BUY,LIMIT,9930,5,GTC
1174,1700000000030307293,1,SELL,LIMIT,9946,1,GTC
1175,1700000000030346734,1,SELL,LIMIT,9934,20,GTC
1176,1700000000030368527,1,BUY,LIMIT,9942,100,GTC
1177,1700000000030372217,1,SELL,LIMIT,9949,10,GTC
1178,1700000000030378782,1,SELL,LIMIT,9928,50,GTC
1179,1700000000030380626,1,BUY,LIMIT,9951,5,GTC
1180,1700000000030389029,1,BUY,LIMIT,9942,10,GTC
1181,1700000000030413059,1,BUY,LIMIT,9954,10,GTC
1182,1700000000030444782,1,BUY,LIMIT,9937,50,GTC
1183,1700000000030485512,1,SELL,LIMIT,9954,25,GTC
1184,1700000000030530343,1,BUY,LIMIT,9929,100,GTC
1185,1700000000030549894,1,SELL,LIMIT,9955,5,GTC
1186,1700000000030595241,1,BUY,LIMIT,9941,10,GTC
1187,1700000000030598696,1,SELL,LIMIT,9934,5,GTC
1188,1700000000030622491,1,BUY,LIMIT,9929,20,GTC
1189,1700000000030634758,1,SELL,LIMIT,9925,100,GTC
1190,1700000000030655832,1,BUY,LIMIT,9930,20,GTC
1191,1700000000030678701,1,SELL,LIMIT,9943,20,GTC
1192,1700000000030723333,1,SELL,LIMIT,9934,20,GTC
1193,1700000000030731479,1,BUY,MARKET,0,50,IOC
1194,1700000000030751823,1,BUY,LIMIT,9948,100,GTC
1195,1700000000030772157,1,SELL,LIMIT,9949,50,GTC
1196,1700000000030773698,1,BUY,MARKET,0,5,IOC
1197,1700000000030816779,1,SELL,LIMIT,9932,10,GTC
1198,1700000000030836999,1,BUY,LIMIT,9949,5,GTC
1199,1700000000030885915,1,BUY,LIMIT,9927,10,GTC
1200,1700000000030899609,1,BUY,LIMIT,9929,10,GTC
1201,1700000000030941423,1,SELL,LIMIT,9929,5,GTC
1202,1700000000030944348,1,SELL,LIMIT,9958,20,GTC
1203,1700000000030960046,1,BUY,LIMIT,9954,100,GTC
1204,1700000000030996804,1,BUY,MARKET,0,25,IOC
1205,1700000000031038113,1,BUY,LIMIT,9958,100,GTC
1206,1700000000031069365,1,BUY,LIMIT,9932,10,GTC
1207,1700000000031109324,1,BUY,LIMIT,9949,25,GTC
1208,1700000000031137143,1,SELL,LIMIT,9938,50,GTC
1209,1700000000031178396,1,SELL,LIMIT,9948,10,GTC
1210,1700000000031191969,1,BUY,LIMIT,9956,10,GTC
1211,1700000000031212369,1,SELL,LIMIT,9946,100,GTC
1212,1700000000031236382,1,BUY,MARKET,0,1,IOC
1213,1700000000031241054,1,BUY,LIMIT,9956,1,GTC
1214,1700000000031258450,1,BUY,LIMIT,9932,100,GTC
1215,1700000000031268857,1,SELL,LIMIT,9952,20,GTC
1216,1700000000031298050,1,SELL,LIMIT,9952,1,GTC
1217,1700000000031335412,1,BUY,LIMIT,9937,5,GTC
1218,1700000000031346203,1,SELL,LIMIT,9934,25,GTC
1219,1700000000031356814,1,BUY,LIMIT,9949,5,GTC
1220,1700000000031384560,1,BUY,LIMIT,9938,100,GTC
1221,1700000000031418157,1,SELL,LIMIT,9963,20,GTC
1222,1700000000031428592,1,BUY,LIMIT,9960,10,GTC
1223,1700000000031456185,1,SELL,LIMIT,9946,50,GTC
1224,1700000000031458635,1,SELL,LIMIT,9955,25,GTC
1225,1700000000031464691,1,BUY,MARKET,0,5,IOC
1226,1700000000031467621,1,BUY,LIMIT,9943,50,GTC
1227,1700000000031495600,1,SELL,LIMIT,9958,20,GTC
1228,1700000000031518654,1,SELL,LIMIT,9967,25,GTC
1229,1700000000031548395,1,SELL,LIMIT,9956,50,GTC
1230,1700000000031594604,1,BUY,LIMIT,9964,100,GTC
1231,1700000000031600627,1,SELL,LIMIT,9950,20,GTC
1232,1700000000031635236,1,SELL,LIMIT,9958,10,GTC
1233,1700000000031677396,1,BUY,LIMIT,9953,25,GTC
1234,1700000000031697815,1,BUY,LIMIT,9951,10,GTC
1235,1700000000031715338,1,BUY,LIMIT,9959,25,GTC
1236,1700000000031745246,1,SELL,LIMIT,9962,5,GTC
1237,1700000000031761218,1,SELL,MARKET,0,25,IOC
1238,1700000000031784677,1,SELL,LIMIT,9962,10,GTC
1239,1700000000031831992,1,BUY,LIMIT,9961,10,GTC
1240,1700000000031856168,1,SELL,LIMIT,9949,10,GTC
1241,1700000000031860743,1,BUY,LIMIT,9965,5,GTC
1242,1700000000031899793,1,SELL,LIMIT,9953,50,GTC
1243,1700000000031929134,1,SELL,LIMIT,9948,50,GTC
1244,1700000000031962781,1,SELL,LIMIT,9955,10,GTC
1245,1700000000032008793,1,BUY,LIMIT,9970,5,GTC
1246,1700000000032045929,1,BUY,MARKET,0,10,IOC
1247,1700000000032070650,1,SELL,LIMIT,9964,5,GTC
1248,1700000000032091024,1,BUY,LIMIT,9941,25,GTC
1249,1700000000032094712,1,BUY,LIMIT,9941,50,GTC
1250,1700000000032103228,1,SELL,LIMIT,9962,1,GTC
1251,1700000000032140805,1,BUY,LIMIT,9950,20,GTC
1252,1700000000032150383,1,SELL,LIMIT,9952,10,GTC
1253,1700000000032156736,1,SELL,LIMIT,9959,25,GTC
1254,1700000000032179452,1,SELL,LIMIT,9953,50,GTC
1255,1700000000032190805,1,BUY,LIMIT,9956,5,GTC
1256,1700000000032233504,1,BUY,LIMIT,9968,5,GTC
1257,1700000000032271375,1,BUY,LIMIT,9962,1,GTC
1258,1700000000032273118,1,BUY,LIMIT,9974,10,IOC
1259,1700000000032279165,1,SELL,LIMIT,9967,100,GTC
1260,1700000000032301944,1,SELL,LIMIT,9966,1,IOC
1261,1700000000032327479,1,BUY,MARKET,0,25,IOC
1262,1700000000032339950,1,BUY,LIMIT,9964,10,GTC
1263,1700000000032344310,1,SELL,LIMIT,9976,10,GTC
1264,1700000000032351281,1,SELL,LIMIT,9969,50,GTC
1265,1700000000032355180,1,BUY,LIMIT,9954,5,GTC
1266,1700000000032363221,1,BUY,LIMIT,9951,50,GTC
1267,1700000000032390426,1,BUY,LIMIT,9956,1,GTC
1268,1700000000032407068,1,BUY,LIMIT,9953,5,GTC
1269,1700000000032413067,1,SELL,LIMIT,9957,100,GTC
1270,1700000000032429633,1,SELL,LIMIT,9981,10,GTC
1271,1700000000032460584,1,SELL,LIMIT,9969,1,GTC
1272,1700000000032478995,1,SELL,LIMIT,9960,100,IOC
1273,1700000000032517843,1,BUY,LIMIT,9967,10,GTC
1274,1700000000032538045,1,SELL,MARKET,0,5,IOC
1275,1700000000032566854,1,BUY,LIMIT,9960,20,GTC
1276,1700000000032608980,1,SELL,LIMIT,9964,25,GTC
1277,1700000000032631869,1,SELL,LIMIT,9961,25,GTC
1278,1700000000032674734,1,BUY,LIMIT,9951,10,GTC
1279,1700000000032719320,1,SELL,MARKET,0,1,IOC
1280,1700000000032755086,1,BUY,LIMIT,9968,50,GTC
1281,1700000000032799642,1,SELL,LIMIT,9945,100,GTC
1282,1700000000032811754,1,BUY,LIMIT,9966,50,GTC
1283,1700000000032824901,1,SELL,LIMIT,9943,25,GTC
1284,1700000000032837951,1,BUY,LIMIT,9967,25,GTC
1285,1700000000032870813,1,SELL,LIMIT,9965,10,GTC
1286,1700000000032871780,1,BUY,LIMIT,9961,10,GTC
1287,1700000000032883452,1,SELL,LIMIT,9940,100,GTC
1288,1700000000032888235,1,BUY,LIMIT,9959,10,GTC
1289,1700000000032926084,1,BUY,MARKET,0,20,IOC
1290,1700000000032971999,1,BUY,LIMIT,9967,1,GTC
1291,1700000000033000490,1,SELL,LIMIT,9961,1,GTC
1292,1700000000033027655,1,SELL,LIMIT,9973,50,GTC
1293,1700000000033075420,1,BUY,LIMIT,9960,1,GTC
1294,1700000000033101600,1,BUY,LIMIT,9960,1,GTC
1295,1700000000033147290,1,BUY,LIMIT,9966,10,IOC
1296,1700000000033151908,1,SELL,LIMIT,9947,20,GTC
1297,1700000000033153982,1,SELL,MARKET,0,50,IOC
1298,1700000000033185518,1,SELL,LIMIT,9970,5,GTC
1299,1700000000033190796,1,SELL,LIMIT,9968,10,GTC
1300,1700000000033196901,1,SELL,LIMIT,9948,5,GTC
1301,1700000000033205759,1,SELL,LIMIT,9970,5,GTC
1302,1700000000033210570,1,SELL,LIMIT,9948,50,GTC
1303,1700000000033217350,1,SELL,LIMIT,9945,50,GTC
1304,1700000000033247564,1,SELL,LIMIT,9956,1,GTC
1305,1700000000033290722,1,BUY,LIMIT,9956,25,GTC
1306,1700000000033297951,1,SELL,LIMIT,9949,5,GTC
1307,1700000000033336017,1,SELL,MARKET,0,10,IOC
1308,1700000000033348701,1,SELL,LIMIT,9947,100,GTC
1309,1700000000033369626,1,BUY,MARKET,0,10,IOC
1310,1700000000033379786,1,BUY,LIMIT,9957,10,GTC
1311,1700000000033384042,1,BUY,LIMIT,9944,10,GTC
1312,1700000000033397348,1,SELL,LIMIT,9958,25,GTC
1313,1700000000033443381,1,SELL,LIMIT,9931,100,GTC
1314,1700000000033484257,1,SELL,LIMIT,9941,25,GTC
1315,1700000000033517258,1,BUY,LIMIT,9944,1,GTC
1316,1700000000033533422,1,SELL,LIMIT,9950,10,GTC
1317,1700000000033547377,1,SELL,LIMIT,9938,50,GTC
1318,1700000000033549844,1,BUY,LIMIT,9939,25,IOC
1319,1700000000033553221,1,BUY,LIMIT,9935,25,GTC
1320,1700000000033575991,1,BUY,LIMIT,9933,10,GTC
1321,1700000000033583122,1,SELL,LIMIT,9929,20,GTC
1322,1700000000033605798,1,SELL,LIMIT,9946,5,GTC
1323,1700000000033640830,1,BUY,LIMIT,9949,10,GTC
1324,1700000000033650795,1,SELL,LIMIT,9955,5,GTC
1325,1700000000033690587,1,SELL,LIMIT,9937,25,GTC
1326,1700000000033726179,1,SELL,LIMIT,9926,10,GTC
1327,1700000000033734966,1,SELL,LIMIT,9925,20,GTC
1328,1700000000033766311,1,SELL,LIMIT,9942,5,GTC
1329,1700000000033816048,1,SELL,MARKET,0,50,IOC
1330,1700000000033863241,1,SELL,LIMIT,9948,25,GTC
1331,1700000000033901829,1,SELL,LIMIT,9961,20,GTC
1332,1700000000033915632,1,SELL,LIMIT,9951,10,IOC
1333,1700000000033953577,1,SELL,LIMIT,9940,50,GTC
1334,1700000000033973413,1,SELL,LIMIT,9946,5,GTC
1335,1700000000034001838,1,SELL,LIMIT,9930,25,GTC
1336,1700000000034027397,1,BUY,LIMIT,9954,20,GTC
1337,1700000000034047198,1,BUY,LIMIT,9946,5,GTC
1338,1700000000034054147,1,SELL,LIMIT,9931,10,GTC
1339,1700000000034076520,1,BUY,MARKET,0,10,IOC
1340,1700000000034089513,1,SELL,LIMIT,9947,20,GTC
1341,1700000000034090572,1,SELL,LIMIT,9953,20,GTC
1342,1700000000034129079,1,BUY,LIMIT,9954,50,GTC
1343,1700000000034155629,1,SELL,LIMIT,9948,10,GTC
1344,1700000000034203479,1,BUY,LIMIT,9945,100,GTC
1345,1700000000034249719,1,BUY,LIMIT,9943,50,GTC
1346,1700000000034288066,1,BUY,LIMIT,9950,10,IOC
1347,1700000000034310836,1,BUY,LIMIT,9936,25,GTC
1348,1700000000034332705,1,BUY,LIMIT,9946,20,GTC
1349,1700000000034370441,1,BUY,LIMIT,9964,25,GTC
1350,1700000000034384323,1,SELL,LIMIT,9955,50,GTC
1351,1700000000034426700,1,BUY,LIMIT,9952,100,GTC
1352,1700000000034428958,1,BUY,LIMIT,9953,100,GTC
1353,1700000000034448535,1,BUY,LIMIT,9946,10,GTC
1354,1700000000034470450,1,SELL,LIMIT,9947,10,GTC
1355,1700000000034502292,1,SELL,LIMIT,9942,50,GTC
1356,1700000000034523092,1,BUY,LIMIT,9968,10,GTC
1357,1700000000034562093,1,SELL,LIMIT,9946,20,GTC
1358,1700000000034591804,1,SELL,LIMIT,9947,10,GTC
1359,1700000000034622463,1,SELL,LIMIT,9943,100,GTC
1360,1700000000034645689,1,SELL,LIMIT,9945,100,GTC
1361,1700000000034673389,1,SELL,LIMIT,9950,10,GTC
1362,1700000000034719667,1,BUY,LIMIT,9949,10,GTC
1363,1700000000034738109,1,BUY,LIMIT,9938,10,GTC
1364,1700000000034770950,1,SELL,LIMIT,9941,10,GTC
1365,1700000000034804506,1,SELL,LIMIT,9950,5,GTC
1366,1700000000034835294,1,SELL,LIMIT,9947,1,GTC
1367,1700000000034884681,1,BUY,LIMIT,9962,25,GTC
1368,1700000000034906618,1,SELL,LIMIT,9939,10,GTC
1369,1700000000034953883,1,SELL,LIMIT,9943,10,GTC
1370,1700000000034994162,1,BUY,LIMIT,9967,1,GTC
1371,1700000000035038662,1,BUY,LIMIT,9961,5,GTC
1372,1700000000035085981,1,BUY,LIMIT,9955,10,GTC
1373,1700000000035112080,1,SELL,LIMIT,9952,5,GTC
1374,1700000000035115769,1,BUY,MARKET,0,1,IOC
1375,1700000000035129375,1,BUY,LIMIT,9950,10,GTC
1376,1700000000035151968,1,BUY,MARKET,0,1,IOC
1377,1700000000035195991,1,BUY,LIMIT,9950,5,GTC
1378,1700000000035217930,1,SELL,MARKET,0,5,IOC
1379,1700000000035246471,1,SELL,LIMIT,9946,50,GTC
1380,1700000000035289831,1,BUY,LIMIT,9947,50,GTC
1381,1700000000035332925,1,BUY,LIMIT,9943,20,GTC
1382,1700000000035360366,1,BUY,MARKET,0,10,IOC
1383,1700000000035377377,1,SELL,LIMIT,9939,10,GTC
1384,1700000000035399638,1,SELL,LIMIT,9955,10,GTC
1385,1700000000035404562,1,SELL,LIMIT,9941,100,GTC
1386,1700000000035438054,1,BUY,LIMIT,9944,10,GTC
1387,1700000000035478947,1,SELL,MARKET,0,1,IOC
1388,1700000000035520063,1,SELL,LIMIT,9957,10,GTC
1389,1700000000035533957,1,BUY,LIMIT,9940,50,GTC
1390,1700000000035582904,1,BUY,LIMIT,9952,100,GTC
1391,1700000000035625874,1,BUY,LIMIT,9957,50,GTC
1392,1700000000035648835,1,BUY,MARKET,0,25,IOC
1393,1700000000035694381,1,BUY,MARKET,0,10,IOC
1394,1700000000035723871,1,SELL,LIMIT,9947,10,GTC
1395,1700000000035765944,1,BUY,LIMIT,9939,1,GTC
1396,1700000000035781930,1,SELL,LIMIT,9940,10,GTC
1397,1700000000035798481,1,BUY,LIMIT,9945,10,GTC
1398,1700000000035816797,1,BUY,LIMIT,9945,10,GTC
1399,1700000000035848145,1,SELL,LIMIT,9950,10,GTC
1400,1700000000035849943,1,BUY,LIMIT,9952,100,GTC
1401,1700000000035889448,1,BUY,LIMIT,9966,20,GTC
1402,1700000000035919675,1,BUY,LIMIT,9951,20,GTC
1403,1700000000035933001,1,BUY,LIMIT,9944,100,GTC
1404,1700000000035965708,1,SELL,MARKET,0,25,IOC
1405,1700000000035986380,1,SELL,LIMIT,9963,100,GTC
1406,1700000000035995037,1,SELL,MARKET,0,1,IOC
1407,1700000000036044792,1,SELL,LIMIT,9966,20,GTC
1408,1700000000036087949,1,BUY,LIMIT,9964,1,GTC
1409,1700000000036129799,1,SELL,LIMIT,9951,25,GTC
1410,1700000000036174933,1,SELL,LIMIT,9966,100,GTC
1411,1700000000036176241,1,BUY,LIMIT,9974,10,GTC
1412,1700000000036210723,1,SELL,LIMIT,9970,5,GTC
1413,1700000000036244033,1,SELL,LIMIT,9952,20,GTC
1414,1700000000036251694,1,SELL,LIMIT,9949,5,GTC
1415,1700000000036301233,1,SELL,LIMIT,9968,10,GTC
1416,1700000000036333958,1,SELL,MARKET,0,10,IOC
1417,1700000000036382498,1,BUY,LIMIT,9952,20,GTC
1418,1700000000036394924,1,BUY,LIMIT,9961,100,GTC
1419,1700000000036399289,1,SELL,LIMIT,9966,10,GTC
1420,1700000000036428672,1,BUY,LIMIT,9950,50,GTC
1421,1700000000036434788,1,SELL,LIMIT,9964,20,GTC
1422,1700000000036473668,1,BUY,MARKET,0,1,IOC
1423,1700000000036523437,1,BUY,LIMIT,9945,20,IOC
1424,1700000000036548556,1,SELL,LIMIT,9940,1,GTC
1425,1700000000036571143,1,SELL,LIMIT,9948,100,GTC
1426,1700000000036587345,1,BUY,LIMIT,9969,25,GTC
1427,1700000000036594410,1,SELL,LIMIT,9941,25,GTC
1428,1700000000036596592,1,BUY,LIMIT,9960,10,GTC
1429,1700000000036621237,1,BUY,LIMIT,9968,10,GTC
1430,1700000000036621942,1,SELL,LIMIT,9953,10,GTC
1431,1700000000036670664,1,SELL,LIMIT,9940,1,GTC
1432,1700000000036693992,1,SELL,LIMIT,9954,5,GTC
1433,1700000000036742613,1,SELL,LIMIT,9954,5,GTC
1434,1700000000036751492,1,BUY,LIMIT,9943,1,GTC
1435,1700000000036763005,1,SELL,LIMIT,9960,100,GTC
1436,1700000000036774674,1,SELL,LIMIT,9956,10,GTC
1437,1700000000036785675,1,SELL,LIMIT,9945,1,GTC
1438,1700000000036830123,1,SELL,LIMIT,9948,100,GTC
1439,1700000000036875959,1,SELL,LIMIT,9958,5,GTC
1440,1700000000036918663,1,SELL,LIMIT,9961,5,GTC
1441,1700000000036934456,1,BUY,LIMIT,9959,50,GTC
1442,1700000000036983755,1,BUY,LIMIT,9937,10,GTC
1443,1700000000037004623,1,SELL,LIMIT,9941,1,GTC
1444,1700000000037029045,1,SELL,LIMIT,9940,25,GTC
1445,1700000000037036530,1,SELL,LIMIT,9947,10,GTC
1446,1700000000037051376,1,BUY,LIMIT,9941,20,GTC
1447,1700000000037091124,1,SELL,LIMIT,9940,1,GTC
1448,1700000000037132982,1,BUY,LIMIT,9933,100,GTC
1449,1700000000037143489,1,BUY,LIMIT,9963,25,GTC
1450,1700000000037155721,1,SELL,LIMIT,9965,1,GTC
1451,1700000000037157634,1,BUY,LIMIT,9965,10,GTC
1452,1700000000037183762,1,BUY,LIMIT,9955,50,GTC
1453,1700000000037190639,1,SELL,LIMIT,9959,50,GTC
1454,1700000000037221123,1,BUY,LIMIT,9962,20,GTC
1455,1700000000037235370,1,BUY,LIMIT,9959,10,GTC
1456,1700000000037280324,1,SELL,LIMIT,9955,5,IOC
1457,1700000000037284515,1,SELL,LIMIT,9968,10,GTC
1458,1700000000037323903,1,BUY,LIMIT,9965,25,GTC
1459,1700000000037340187,1,SELL,LIMIT,9947,5,GTC
1460,1700000000037386024,1,BUY,LIMIT,9965,50,GTC
1461,1700000000037404560,1,SELL,LIMIT,9952,50,GTC
1462,1700000000037437121,1,SELL,LIMIT,9943,5,GTC
1463,1700000000037455559,1,SELL,LIMIT,9942,100,GTC
1464,1700000000037475612,1,SELL,LIMIT,9949,50,GTC
1465,1700000000037502675,1,BUY,LIMIT,9967,10,GTC
1466,1700000000037507364,1,SELL,LIMIT,9974,100,GTC
1467,1700000000037557245,1,SELL,LIMIT,9975,5,GTC
1468,1700000000037558093,1,BUY,LIMIT,9955,10,GTC
1469,1700000000037601364,1,BUY,LIMIT,9954,10,GTC
1470,1700000000037635034,1,BUY,LIMIT,9975,5,IOC
1471,1700000000037651809,1,BUY,LIMIT,9963,1,GTC
1472,1700000000037661474,1,BUY,LIMIT,9977,100,GTC
1473,1700000000037701700,1,BUY,LIMIT,9979,25,GTC
1474,1700000000037704607,1,SELL,LIMIT,9972,10,GTC
1475,1700000000037743890,1,BUY,LIMIT,9955,10,GTC
1476,1700000000037761473,1,BUY,LIMIT,9961,20,GTC
1477,1700000000037806309,1,SELL,LIMIT,9962,20,GTC
1478,1700000000037848301,1,SELL,LIMIT,9954,20,GTC
1479,1700000000037876305,1,SELL,LIMIT,9968,10,GTC
1480,1700000000037881885,1,BUY,LIMIT,9966,10,GTC
1481,1700000000037924339,1,BUY,LIMIT,9969,25,GTC
1482,1700000000037942772,1,BUY,LIMIT,9957,10,GTC
1483,1700000000037951365,1,BUY,LIMIT,9953,5,GTC
1484,1700000000037958126,1,SELL,LIMIT,9962,100,GTC
1485,1700000000037961769,1,BUY,LIMIT,9954,5,GTC
1486,1700000000037993520,1,BUY,LIMIT,9948,50,GTC
1487,1700000000038037114,1,BUY,MARKET,0,10,IOC
1488,1700000000038083980,1,BUY,LIMIT,9950,25,GTC
1489,1700000000038107679,1,BUY,LIMIT,9967,100,GTC
1490,1700000000038128179,1,BUY,LIMIT,9978,10,GTC
1491,1700000000038170273,1,SELL,LIMIT,9963,5,GTC
1492,1700000000038176316,1,BUY,LIMIT,9949,1,GTC
1493,1700000000038221186,1,BUY,LIMIT,9974,50,GTC
1494,1700000000038248258,1,SELL,LIMIT,9965,5,GTC
1495,1700000000038294803,1,SELL,LIMIT,9970,50,IOC
1496,1700000000038335107,1,SELL,LIMIT,9971,1,GTC
1497,1700000000038347063,1,SELL,LIMIT,9976,10,GTC
1498,1700000000038380036,1,BUY,LIMIT,9956,50,GTC
1499,1700000000038415867,1,BUY,LIMIT,9955,10,GTC
1500,1700000000038430330,1,SELL,LIMIT,9957,20,GTC
1501,1700000000038461176,1,SELL,LIMIT,9951,1,GTC
1502,1700000000038502015,1,SELL,MARKET,0,1,IOC
1503,1700000000038528864,1,BUY,LIMIT,9946,10,GTC
1504,1700000000038556280,1,BUY,LIMIT,9951,10,GTC
1505,1700000000038571597,1,SELL,MARKET,0,20,IOC
1506,1700000000038579220,1,BUY,LIMIT,9955,20,GTC
1507,1700000000038580100,1,SELL,LIMIT,9946,50,GTC
1508,1700000000038589360,1,SELL,LIMIT,9944,1,GTC
1509,1700000000038621271,1,BUY,LIMIT,9942,10,GTC
1510,1700000000038643062,1,SELL,LIMIT,9958,10,GTC
1511,1700000000038652174,1,SELL,LIMIT,9962,50,GTC
1512,1700000000038697529,1,SELL,LIMIT,9947,1,GTC
1513,1700000000038726493,1,BUY,LIMIT,9954,1,GTC
1514,1700000000038774785,1,BUY,LIMIT,9965,10,GTC
1515,1700000000038818953,1,BUY,LIMIT,9945,10,GTC
1516,1700000000038831817,1,BUY,LIMIT,9970,10,GTC
1517,1700000000038834831,1,SELL,LIMIT,9955,50,GTC
1518,1700000000038841290,1,SELL,LIMIT,9960,10,IOC
1519,1700000000038856324,1,BUY,LIMIT,9959,10,GTC
1520,1700000000038899020,1,BUY,MARKET,0,50,IOC
1521,1700000000038915705,1,BUY,LIMIT,9954,50,GTC
1522,1700000000038930097,1,SELL,LIMIT,9945,25,GTC
1523,1700000000038962793,1,BUY,LIMIT,9947,20,GTC
1524,1700000000038984999,1,BUY,LIMIT,9964,10,IOC
1525,1700000000039001113,1,SELL,LIMIT,9966,25,GTC
1526,1700000000039042871,1,BUY,LIMIT,9946,10,GTC
1527,1700000000039056014,1,SELL,MARKET,0,10,IOC
1528,1700000000039076271,1,BUY,LIMIT,9978,25,GTC
1529,1700000000039085148,1,BUY,LIMIT,9967,1,GTC
1530,1700000000039109634,1,BUY,LIMIT,9976,25,GTC
1531,1700000000039144459,1,SELL,LIMIT,9961,50,GTC
1532,1700000000039163941,1,SELL,LIMIT,9957,10,GTC
1533,1700000000039212984,1,SELL,MARKET,0,10,IOC
1534,1700000000039224331,1,BUY,LIMIT,9976,5,GTC
1535,1700000000039238392,1,SELL,LIMIT,9973,20,GTC
1536,1700000000039271910,1,BUY,LIMIT,9965,100,GTC
1537,1700000000039308595,1,SELL,LIMIT,9976,20,GTC
1538,1700000000039328221,1,BUY,MARKET,0,10,IOC
1539,1700000000039332097,1,SELL,LIMIT,9951,20,GTC
1540,1700000000039375106,1,SELL,LIMIT,9951,1,GTC
1541,1700000000039422928,1,SELL,LIMIT,9954,20,GTC
1542,1700000000039446724,1,BUY,LIMIT,9952,1,GTC
1543,1700000000039494580,1,SELL,LIMIT,9948,5,GTC
1544,1700000000039524059,1,SELL,LIMIT,9950,10,GTC
1545,1700000000039534759,1,BUY,LIMIT,9960,50,GTC
1546,1700000000039541399,1,BUY,LIMIT,9951,100,GTC
1547,1700000000039589706,1,BUY,LIMIT,9967,100,GTC
1548,1700000000039601853,1,SELL,MARKET,0,10,IOC
1549,1700000000039618425,1,BUY,LIMIT,9943,50,GTC
1550,1700000000039666554,1,SELL,LIMIT,9944,10,GTC
1551,1700000000039667942,1,SELL,LIMIT,9956,5,GTC
1552,1700000000039685983,1,SELL,LIMIT,9951,5,GTC
1553,1700000000039722027,1,SELL,LIMIT,9970,5,GTC
1554,1700000000039759414,1,SELL,LIMIT,9949,100,GTC
1555,1700000000039795534,1,SELL,LIMIT,9962,1,GTC
1556,1700000000039831727,1,BUY,LIMIT,9949,5,GTC
1557,1700000000039833799,1,BUY,LIMIT,9961,10,GTC
1558,1700000000039879306,1,BUY,LIMIT,9966,50,GTC
1559,1700000000039886473,1,SELL,LIMIT,9953,10,GTC
1560,1700000000039889813,1,BUY,LIMIT,9950,5,GTC
1561,1700000000039900157,1,BUY,LIMIT,9958,50,GTC
1562,1700000000039918423,1,SELL,LIMIT,9959,5,GTC
1563,1700000000039919065,1,SELL,LIMIT,9975,5,GTC
1564,1700000000039945163,1,SELL,LIMIT,9973,10,GTC
1565,1700000000039983532,1,SELL,LIMIT,9968,5,GTC
1566,1700000000039995951,1,SELL,LIMIT,9955,10,GTC
1567,1700000000040035886,1,BUY,LIMIT,9969,50,GTC
1568,1700000000040061498,1,SELL,LIMIT,9989,10,GTC
1569,1700000000040087204,1,SELL,LIMIT,9974,10,GTC
1570,1700000000040133781,1,SELL,LIMIT,9974,10,GTC
1571,1700000000040158031,1,BUY,MARKET,0,1,IOC
1572,1700000000040182180,1,BUY,LIMIT,9957,25,GTC
1573,1700000000040218823,1,SELL,LIMIT,9961,10,GTC
1574,1700000000040264921,1,BUY,LIMIT,9958,5,GTC
1575,1700000000040268965,1,BUY,LIMIT,9981,25,GTC
1576,1700000000040271443,1,BUY,LIMIT,9976,10,GTC
1577,1700000000040272760,1,BUY,MARKET,0,5,IOC
1578,1700000000040322287,1,SELL,LIMIT,9984,10,GTC
1579,1700000000040365047,1,SELL,LIMIT,9974,100,GTC
1580,1700000000040405142,1,BUY,LIMIT,9964,1,GTC
1581,1700000000040441959,1,BUY,LIMIT,9978,100,GTC
1582,1700000000040470224,1,SELL,LIMIT,9984,10,GTC
1583,1700000000040519426,1,BUY,LIMIT,9978,10,GTC
1584,1700000000040531964,1,BUY,MARKET,0,50,IOC
1585,1700000000040563751,1,SELL,LIMIT,9993,100,GTC
1586,1700000000040606629,1,SELL,LIMIT,9978,25,GTC
1587,1700000000040608967,1,BUY,LIMIT,9968,25,GTC
1588,1700000000040629725,1,BUY,LIMIT,9966,1,GTC
1589,1700000000040667588,1,SELL,LIMIT,9963,5,GTC
1590,1700000000040674196,1,BUY,LIMIT,9978,25,IOC
1591,1700000000040695305,1,BUY,LIMIT,9971,10,GTC
1592,1700000000040717518,1,BUY,LIMIT,9969,5,GTC
1593,1700000000040719570,1,SELL,LIMIT,9981,10,GTC
1594,1700000000040730635,1,SELL,LIMIT,9993,20,GTC
1595,1700000000040778220,1,SELL,MARKET,0,5,IOC
1596,1700000000040811594,1,SELL,LIMIT,9982,10,GTC
1597,1700000000040841420,1,SELL,LIMIT,9979,25,GTC
1598,1700000000040844542,1,BUY,LIMIT,9985,50,GTC
1599,1700000000040855029,1,SELL,LIMIT,9974,5,GTC
1600,1700000000040891386,1,SELL,LIMIT,9994,20,IOC
1601,1700000000040912445,1,SELL,LIMIT,9974,100,GTC
1602,1700000000040918792,1,SELL,LIMIT,9978,25,GTC
1603,1700000000040948261,1,BUY,LIMIT,9975,20,GTC
1604,1700000000040967545,1,SELL,LIMIT,9987,25,GTC
1605,1700000000041001630,1,BUY,LIMIT,9990,25,GTC
1606,1700000000041019354,1,SELL,LIMIT,9974,100,GTC
1607,1700000000041065712,1,BUY,LIMIT,9975,10,GTC
1608,1700000000041103576,1,SELL,LIMIT,9980,10,GTC
1609,1700000000041126943,1,SELL,LIMIT,10004,5,GTC
1610,1700000000041139257,1,BUY,LIMIT,10003,5,GTC
1611,1700000000041166071,1,BUY,LIMIT,9991,10,GTC
1612,1700000000041174063,1,BUY,LIMIT,9997,100,GTC
1613,1700000000041195546,1,BUY,LIMIT,10007,10,GTC
1614,1700000000041224233,1,BUY,LIMIT,9990,25,GTC
1615,1700000000041242417,1,BUY,LIMIT,9978,50,GTC
1616,1700000000041262468,1,SELL,LIMIT,9979,5,GTC
1617,1700000000041275031,1,SELL,LIMIT,9996,20,GTC
1618,1700000000041286313,1,BUY,LIMIT,9996,20,GTC
1619,1700000000041332471,1,BUY,LIMIT,9996,10,GTC
1620,1700000000041338070,1,BUY,LIMIT,9993,10,GTC
1621,1700000000041339499,1,SELL,LIMIT,9993,25,GTC
1622,1700000000041384166,1,SELL,LIMIT,9996,5,GTC
1623,1700000000041426235,1,BUY,LIMIT,9995,10,GTC
1624,1700000000041454271,1,SELL,LIMIT,9982,10,GTC
1625,1700000000041467298,1,SELL,LIMIT,9995,10,GTC
1626,1700000000041468859,1,SELL,MARKET,0,25,IOC
1627,1700000000041511886,1,SELL,LIMIT,10011,100,GTC
1628,1700000000041519816,1,BUY,LIMIT,10010,25,GTC
1629,1700000000041545322,1,BUY,LIMIT,9999,50,GTC
1630,1700000000041551564,1,SELL,LIMIT,9994,5,GTC
1631,1700000000041558858,1,SELL,LIMIT,9984,50,GTC
1632,1700000000041592346,1,SELL,LIMIT,10001,100,GTC
1633,1700000000041622640,1,SELL,LIMIT,10012,10,GTC
1634,1700000000041653545,1,BUY,LIMIT,10000,25,GTC
1635,1700000000041678597,1,SELL,LIMIT,10010,1,GTC
1636,1700000000041706275,1,BUY,LIMIT,10015,20,GTC
1637,1700000000041716826,1,BUY,LIMIT,10001,1,IOC
1638,1700000000041739286,1,BUY,LIMIT,10016,25,GTC
1639,1700000000041752412,1,SELL,LIMIT,9994,50,GTC
1640,1700000000041761357,1,SELL,LIMIT,10012,50,GTC
1641,1700000000041790522,1,BUY,LIMIT,10000,10,GTC
1642,1700000000041832133,1,BUY,LIMIT,10001,50,GTC
1643,1700000000041834313,1,SELL,LIMIT,9994,5,GTC
1644,1700000000041872286,1,BUY,LIMIT,9988,5,IOC
1645,1700000000041885012,1,BUY,LIMIT,9998,25,GTC
1646,1700000000041933111,1,SELL,LIMIT,9988,10,GTC
1647,1700000000041939048,1,SELL,LIMIT,9993,20,GTC
1648,1700000000041969637,1,SELL,LIMIT,10001,5,GTC
1649,1700000000041975208,1,BUY,LIMIT,9992,5,GTC
1650,1700000000041977146,1,SELL,LIMIT,9990,100,GTC
1651,1700000000042002238,1,BUY,LIMIT,9986,50,GTC
1652,1700000000042014447,1,SELL,LIMIT,9988,1,GTC
1653,1700000000042037673,1,SELL,LIMIT,9986,25,GTC
1654,1700000000042046141,1,SELL,LIMIT,9985,20,GTC
1655,1700000000042060816,1,SELL,LIMIT,9999,10,GTC
1656,1700000000042066784,1,BUY,LIMIT,9985,10,GTC
1657,1700000000042090126,1,SELL,LIMIT,9994,5,GTC
1658,1700000000042124223,1,SELL,LIMIT,10010,50,GTC
1659,1700000000042150467,1,SELL,LIMIT,9992,20,GTC
1660,1700000000042198287,1,SELL,LIMIT,9992,10,GTC
1661,1700000000042239610,1,BUY,LIMIT,10002,25,GTC
1662,1700000000042269562,1,SELL,LIMIT,9998,5,GTC
1663,1700000000042309638,1,SELL,LIMIT,9986,20,GTC
1664,1700000000042317651,1,SELL,LIMIT,9997,1,GTC
1665,1700000000042332253,1,SELL,LIMIT,9984,5,GTC
1666,1700000000042377860,1,BUY,LIMIT,9991,25,GTC
1667,1700000000042415167,1,SELL,LIMIT,9996,10,GTC
1668,1700000000042462608,1,BUY,LIMIT,9991,20,GTC
1669,1700000000042507812,1,SELL,LIMIT,9997,50,GTC
1670,1700000000042540991,1,BUY,LIMIT,9985,100,GTC
1671,1700000000042580233,1,SELL,LIMIT,9979,25,GTC
1672,1700000000042622916,1,BUY,MARKET,0,1,IOC
1673,1700000000042649814,1,SELL,LIMIT,10008,10,GTC
1674,1700000000042654865,1,SELL,LIMIT,9977,1,GTC
1675,1700000000042704758,1,BUY,LIMIT,9999,25,GTC
1676,1700000000042731035,1,BUY,LIMIT,9985,1,GTC
1677,1700000000042756039,1,SELL,LIMIT,10001,5,GTC
1678,1700000000042777697,1,BUY,LIMIT,10001,5,IOC
1679,1700000000042813426,1,SELL,LIMIT,9983,25,GTC
1680,1700000000042821187,1,SELL,LIMIT,9983,1,GTC
1681,1700000000042866770,1,SELL,MARKET,0,25,IOC
1682,1700000000042905507,1,SELL,LIMIT,9995,10,GTC
1683,1700000000042947747,1,BUY,LIMIT,9977,50,GTC
1684,1700000000042966632,1,SELL,LIMIT,9980,100,GTC
1685,1700000000043013753,1,SELL,LIMIT,9974,20,GTC
1686,1700000000043059798,1,BUY,LIMIT,9976,10,GTC
1687,1700000000043090978,1,BUY,LIMIT,9972,10,IOC
1688,1700000000043111913,1,BUY,LIMIT,9979,25,GTC
1689,1700000000043126751,1,BUY,LIMIT,9987,10,GTC
1690,1700000000043139568,1,BUY,LIMIT,9989,50,GTC
1691,1700000000043149720,1,BUY,LIMIT,9976,5,GTC
1692,1700000000043162477,1,SELL,LIMIT,9974,100,IOC
1693,1700000000043199041,1,BUY,LIMIT,9980,5,GTC
1694,1700000000043203024,1,BUY,LIMIT,9975,25,GTC
1695,1700000000043216233,1,BUY,LIMIT,9983,50,GTC
1696,1700000000043250721,1,BUY,LIMIT,9970,100,GTC
1697,1700000000043258500,1,BUY,MARKET,0,10,IOC
1698,1700000000043293873,1,BUY,LIMIT,9978,5,GTC
1699,1700000000043320121,1,BUY,LIMIT,9979,50,GTC
1700,1700000000043331829,1,BUY,LIMIT,9976,10,GTC
1701,1700000000043338505,1,BUY,LIMIT,9979,1,GTC
1702,1700000000043350161,1,SELL,LIMIT,9970,10,GTC
1703,1700000000043351495,1,SELL,LIMIT,9964,10,GTC
1704,1700000000043363183,1,BUY,LIMIT,9961,5,GTC
1705,1700000000043394735,1,SELL,MARKET,0,25,IOC
1706,1700000000043432411,1,BUY,LIMIT,9974,1,GTC
1707,1700000000043439065,1,SELL,LIMIT,9977,10,GTC
1708,1700000000043475328,1,BUY,LIMIT,9972,25,GTC
1709,1700000000043495563,1,SELL,LIMIT,9971,25,IOC
1710,1700000000043503452,1,BUY,LIMIT,9980,100,GTC
1711,1700000000043518386,1,SELL,LIMIT,9958,50,GTC
1712,1700000000043542440,1,SELL,LIMIT,9960,50,GTC
1713,1700000000043560891,1,SELL,LIMIT,9988,5,GTC
1714,1700000000043578778,1,SELL,LIMIT,9974,10,GTC
1715,1700000000043599549,1,BUY,LIMIT,9980,20,GTC
1716,1700000000043628456,1,BUY,LIMIT,9970,5,GTC
1717,1700000000043629502,1,BUY,LIMIT,9988,5,GTC
1718,1700000000043670883,1,SELL,LIMIT,9984,20,GTC
1719,1700000000043672404,1,SELL,LIMIT,9973,20,GTC
1720,1700000000043692946,1,BUY,LIMIT,9982,100,GTC
1721,1700000000043716397,1,BUY,LIMIT,9961,10,IOC
1722,1700000000043722533,1,SELL,LIMIT,9990,10,GTC
1723,1700000000043742091,1,BUY,LIMIT,9968,5,GTC
1724,1700000000043770284,1,BUY,LIMIT,9967,50,GTC
1725,1700000000043782141,1,SELL,LIMIT,9968,20,GTC
1726,1700000000043799026,1,BUY,LIMIT,9986,10,GTC
1727,1700000000043835297,1,BUY,LIMIT,9968,100,GTC
1728,1700000000043881287,1,BUY,LIMIT,9970,100,GTC
1729,1700000000043912362,1,SELL,LIMIT,9967,50,GTC
1730,1700000000043918657,1,SELL,LIMIT,9985,50,GTC
1731,1700000000043927498,1,BUY,LIMIT,9984,25,GTC
1732,1700000000043936251,1,SELL,LIMIT,9969,50,GTC
1733,1700000000043940312,1,SELL,LIMIT,9984,100,GTC
1734,1700000000043959855,1,BUY,LIMIT,9977,5,GTC
1735,1700000000044006333,1,BUY,LIMIT,9959,1,GTC
1736,1700000000044051114,1,SELL,LIMIT,9986,10,GTC
1737,1700000000044083396,1,SELL,LIMIT,9967,1,GTC
1738,1700000000044117963,1,SELL,LIMIT,9959,5,GTC
1739,1700000000044144068,1,BUY,LIMIT,9956,100,GTC
1740,1700000000044180397,1,SELL,LIMIT,9968,10,GTC
1741,1700000000044209231,1,SELL,LIMIT,9979,5,GTC
1742,1700000000044220922,1,SELL,LIMIT,9976,10,GTC
1743,1700000000044265169,1,SELL,LIMIT,9966,20,GTC
1744,1700000000044311390,1,SELL,LIMIT,9969,50,GTC
1745,1700000000044341845,1,BUY,LIMIT,9964,20,GTC
1746,1700000000044344578,1,SELL,MARKET,0,20,IOC
1747,1700000000044354207,1,SELL,LIMIT,9964,25,IOC
1748,1700000000044387516,1,SELL,LIMIT,9950,25,GTC
1749,1700000000044421638,1,SELL,LIMIT,9981,50,GTC
1750,1700000000044452250,1,BUY,LIMIT,9970,25,GTC
1751,1700000000044478566,1,SELL,LIMIT,9977,20,GTC
1752,1700000000044516817,1,SELL,LIMIT,9961,10,GTC
1753,1700000000044555908,1,SELL,LIMIT,9967,25,GTC
1754,1700000000044604437,1,BUY,LIMIT,9964,1,GTC
1755,1700000000044626148,1,BUY,LIMIT,9965,100,GTC
1756,1700000000044633557,1,BUY,LIMIT,9982,10,GTC
1757,1700000000044674158,1,SELL,LIMIT,9964,1,GTC
1758,1700000000044714407,1,BUY,LIMIT,9952,25,GTC
1759,1700000000044739655,1,SELL,LIMIT,9962,100,GTC
1760,1700000000044768827,1,SELL,LIMIT,9956,100,GTC
1761,1700000000044774964,1,BUY,LIMIT,9957,10,GTC
1762,1700000000044775807,1,BUY,LIMIT,9956,10,GTC
1763,1700000000044821026,1,SELL,LIMIT,9979,10,GTC
1764,1700000000044858905,1,SELL,LIMIT,9970,10,GTC
1765,1700000000044863806,1,BUY,LIMIT,9976,10,GTC
1766,1700000000044898204,1,BUY,LIMIT,9959,10,GTC
1767,1700000000044900181,1,BUY,LIMIT,9957,25,GTC
1768,1700000000044905134,1,SELL,LIMIT,9980,25,GTC
1769,1700000000044939565,1,SELL,LIMIT,9959,10,GTC
1770,1700000000044978257,1,SELL,LIMIT,9959,5,GTC
1771,1700000000045006374,1,SELL,LIMIT,9978,25,IOC
1772,1700000000045050346,1,BUY,LIMIT,9958,25,GTC
1773,1700000000045073511,1,BUY,MARKET,0,1,IOC
1774,1700000000045082495,1,SELL,LIMIT,9970,100,GTC
1775,1700000000045111274,1,SELL,LIMIT,9965,25,GTC
1776,1700000000045113501,1,BUY,LIMIT,9957,1,IOC
1777,1700000000045150209,1,SELL,LIMIT,9972,1,GTC
1778,1700000000045186723,1,BUY,LIMIT,9975,50,GTC
1779,1700000000045210277,1,BUY,LIMIT,9970,25,GTC
1780,1700000000045225661,1,BUY,LIMIT,9956,1,GTC
1781,1700000000045227137,1,SELL,LIMIT,9974,1,GTC
1782,1700000000045239472,1,SELL,LIMIT,9954,100,GTC
1783,1700000000045248473,1,BUY,LIMIT,9971,20,GTC
1784,1700000000045284601,1,BUY,LIMIT,9973,20,GTC
1785,1700000000045314168,1,BUY,LIMIT,9961,10,GTC
1786,1700000000045349195,1,BUY,LIMIT,9969,10,GTC
1787,1700000000045395930,1,BUY,LIMIT,9954,50,GTC
1788,1700000000045430573,1,BUY,MARKET,0,10,IOC
1789,1700000000045433423,1,BUY,LIMIT,9953,10,GTC
1790,1700000000045466619,1,SELL,LIMIT,9962,1,GTC
1791,1700000000045471032,1,BUY,LIMIT,9963,5,GTC
1792,1700000000045500631,1,SELL,LIMIT,9950,50,GTC
1793,1700000000045544411,1,BUY,LIMIT,9968,1,GTC
1794,1700000000045562116,1,BUY,LIMIT,9975,25,IOC
1795,1700000000045590635,1,SELL,LIMIT,9949,50,GTC
1796,1700000000045638405,1,SELL,LIMIT,9953,50,GTC
1797,1700000000045649557,1,BUY,LIMIT,9971,20,GTC
1798,1700000000045668452,1,BUY,LIMIT,9961,1,GTC
1799,1700000000045691072,1,SELL,LIMIT,9964,20,GTC
1800,1700000000045734369,1,BUY,LIMIT,9969,20,GTC
1801,1700000000045772122,1,SELL,MARKET,0,20,IOC
1802,1700000000045801451,1,BUY,LIMIT,9968,1,GTC
1803,1700000000045828729,1,BUY,LIMIT,9975,10,GTC
1804,1700000000045833426,1,SELL,MARKET,0,25,IOC
1805,1700000000045842263,1,BUY,LIMIT,9965,100,GTC
1806,1700000000045850263,1,SELL,LIMIT,9974,10,GTC
1807,1700000000045853512,1,BUY,LIMIT,9984,25,GTC
1808,1700000000045870883,1,SELL,MARKET,0,20,IOC
1809,1700000000045910742,1,SELL,LIMIT,9966,1,GTC
1810,1700000000045918659,1,BUY,MARKET,0,100,IOC
1811,1700000000045923837,1,BUY,LIMIT,9972,50,GTC
1812,1700000000045946290,1,BUY,LIMIT,9956,25,GTC
1813,1700000000045957296,1,SELL,LIMIT,9986,1,GTC
1814,1700000000045997709,1,BUY,LIMIT,9984,5,GTC
1815,1700000000046012290,1,SELL,LIMIT,9977,25,GTC
1816,1700000000046037765,1,SELL,MARKET,0,10,IOC
1817,1700000000046052983,1,SELL,MARKET,0,5,IOC
1818,1700000000046088070,1,SELL,LIMIT,9974,5,GTC
1819,1700000000046106211,1,BUY,LIMIT,9976,25,GTC
1820,1700000000046121842,1,SELL,LIMIT,9965,25,GTC
1821,1700000000046146058,1,BUY,LIMIT,9980,50,GTC
1822,1700000000046186221,1,BUY,LIMIT,9984,100,GTC
1823,1700000000046221954,1,BUY,LIMIT,9971,10,GTC
1824,1700000000046241255,1,SELL,LIMIT,9969,20,GTC
1825,1700000000046279504,1,BUY,LIMIT,9963,10,GTC
1826,1700000000046281020,1,SELL,LIMIT,9978,100,GTC
1827,1700000000046330203,1,BUY,LIMIT,9965,100,GTC
1828,1700000000046332271,1,BUY,MARKET,0,50,IOC
1829,1700000000046360450,1,BUY,MARKET,0,50,IOC
1830,1700000000046383023,1,BUY,LIMIT,9953,5,GTC
1831,1700000000046388356,1,SELL,LIMIT,9968,1,GTC
1832,1700000000046437398,1,SELL,LIMIT,9980,100,GTC
1833,1700000000046485326,1,BUY,LIMIT,9976,10,GTC
1834,1700000000046524725,1,SELL,LIMIT,9973,1,GTC
1835,1700000000046558561,1,BUY,LIMIT,9970,10,GTC
1836,1700000000046581416,1,SELL,LIMIT,9963,100,GTC
1837,1700000000046600610,1,SELL,LIMIT,9975,50,GTC
1838,1700000000046629325,1,BUY,LIMIT,9986,10,GTC
1839,1700000000046640677,1,BUY,LIMIT,9967,20,GTC
1840,1700000000046658178,1,BUY,LIMIT,9961,20,GTC
1841,1700000000046672233,1,SELL,LIMIT,9976,5,GTC
1842,1700000000046708111,1,SELL,LIMIT,9956,1,GTC
1843,1700000000046732829,1,SELL,MARKET,0,1,IOC
1844,1700000000046763072,1,BUY,LIMIT,9968,10,GTC
1845,1700000000046791900,1,SELL,LIMIT,9983,100,GTC
1846,1700000000046815581,1,BUY,LIMIT,9962,5,GTC
1847,1700000000046849311,1,BUY,LIMIT,9980,10,GTC
1848,1700000000046896132,1,BUY,LIMIT,9972,5,GTC
1849,1700000000046909109,1,BUY,LIMIT,9971,25,GTC
1850,1700000000046925725,1,SELL,LIMIT,9981,1,IOC
1851,1700000000046957034,1,SELL,LIMIT,9966,20,GTC
1852,1700000000046999134,1,BUY,LIMIT,9972,10,GTC
1853,1700000000047004042,1,SELL,LIMIT,9977,50,GTC
1854,1700000000047044740,1,SELL,LIMIT,9959,20,IOC
1855,1700000000047064907,1,SELL,LIMIT,9965,10,GTC
1856,1700000000047104587,1,BUY,LIMIT,9972,50,GTC
1857,1700000000047132585,1,SELL,LIMIT,9963,20,GTC
1858,1700000000047176378,1,BUY,LIMIT,9959,25,GTC
1859,1700000000047208936,1,BUY,LIMIT,9957,100,GTC
1860,1700000000047236240,1,BUY,LIMIT,9963,10,GTC
1861,1700000000047265703,1,SELL,LIMIT,9972,50,GTC
1862,1700000000047288474,1,BUY,LIMIT,9959,10,GTC
1863,1700000000047324102,1,SELL,LIMIT,9966,10,GTC
1864,1700000000047333070,1,SELL,LIMIT,9981,25,GTC
1865,1700000000047379755,1,SELL,LIMIT,9952,5,GTC
1866,1700000000047414245,1,SELL,LIMIT,9968,1,GTC
1867,1700000000047461788,1,BUY,LIMIT,9954,50,GTC
1868,1700000000047498526,1,BUY,LIMIT,9958,10,GTC
1869,1700000000047548513,1,BUY,MARKET,0,1,IOC
1870,1700000000047568769,1,BUY,LIMIT,9965,20,IOC
1871,1700000000047594032,1,BUY,LIMIT,9954,5,IOC
1872,1700000000047599547,1,BUY,LIMIT,9977,5,GTC
1873,1700000000047648717,1,SELL,LIMIT,9969,1,GTC
1874,1700000000047661949,1,SELL,LIMIT,9952,50,GTC
1875,1700000000047682250,1,SELL,LIMIT,9962,1,GTC
1876,1700000000047701836,1,BUY,LIMIT,9971,50,GTC
1877,1700000000047748399,1,BUY,LIMIT,9968,20,GTC
1878,1700000000047784719,1,SELL,LIMIT,9967,25,GTC
1879,1700000000047814519,1,BUY,LIMIT,9954,10,GTC
1880,1700000000047821270,1,BUY,LIMIT,9962,5,GTC
1881,1700000000047831032,1,BUY,LIMIT,9969,5,GTC
1882,1700000000047835394,1,SELL,LIMIT,9977,10,GTC
1883,1700000000047838286,1,BUY,LIMIT,9980,10,GTC
1884,1700000000047888268,1,SELL,LIMIT,9983,10,IOC
1885,1700000000047909859,1,SELL,LIMIT,9967,10,GTC
1886,1700000000047917243,1,SELL,LIMIT,9984,5,GTC
1887,1700000000047928634,1,SELL,LIMIT,9981,5,IOC
1888,1700000000047940322,1,BUY,LIMIT,9956,100,GTC
1889,1700000000047966997,1,SELL,LIMIT,9980,50,GTC
1890,1700000000048001738,1,BUY,LIMIT,9963,20,GTC
1891,1700000000048036529,1,SELL,LIMIT,9973,20,GTC
1892,1700000000048067969,1,BUY,LIMIT,9977,20,GTC
1893,1700000000048079232,1,BUY,LIMIT,9978,10,GTC
1894,1700000000048110566,1,SELL,LIMIT,9966,10,GTC
1895,1700000000048124125,1,SELL,MARKET,0,10,IOC
1896,1700000000048163583,1,BUY,LIMIT,9958,100,GTC
1897,1700000000048176707,1,BUY,LIMIT,9981,1,GTC
1898,1700000000048201276,1,BUY,LIMIT,9965,20,GTC
1899,1700000000048206853,1,SELL,LIMIT,9970,10,GTC
1900,1700000000048215656,1,BUY,LIMIT,9962,5,GTC
1901,1700000000048264473,1,SELL,LIMIT,9969,20,GTC
1902,1700000000048279157,1,SELL,LIMIT,9966,10,GTC
1903,1700000000048300847,1,SELL,LIMIT,9961,1,GTC
1904,1700000000048329226,1,SELL,MARKET,0,100,IOC
1905,1700000000048354453,1,BUY,LIMIT,9980,50,GTC
1906,1700000000048389732,1,BUY,LIMIT,9968,25,GTC
1907,1700000000048436850,1,SELL,LIMIT,9986,20,GTC
1908,1700000000048482266,1,SELL,LIMIT,9969,20,GTC
1909,1700000000048513310,1,SELL,LIMIT,9962,25,GTC
1910,1700000000048538874,1,SELL,LIMIT,9960,10,GTC
1911,1700000000048573846,1,BUY,LIMIT,9953,25,GTC
1912,1700000000048607297,1,BUY,LIMIT,9954,20,GTC
1913,1700000000048649849,1,SELL,MARKET,0,20,IOC
1914,1700000000048687847,1,BUY,LIMIT,9970,1,GTC
1915,1700000000048720479,1,BUY,LIMIT,9966,100,GTC
1916,1700000000048723482,1,BUY,LIMIT,9973,5,GTC
1917,1700000000048732609,1,BUY,LIMIT,9952,10,GTC
1918,1700000000048753702,1,BUY,LIMIT,9946,1,GTC
1919,1700000000048776003,1,SELL,LIMIT,9969,1,GTC
1920,1700000000048810341,1,SELL,LIMIT,9973,25,GTC
1921,1700000000048815097,1,SELL,LIMIT,9968,1,GTC
1922,1700000000048844655,1,SELL,LIMIT,9963,10,GTC
1923,1700000000048865547,1,BUY,LIMIT,9953,1,GTC
1924,1700000000048903152,1,SELL,LIMIT,9950,5,GTC
1925,1700000000048924459,1,BUY,LIMIT,9941,10,GTC
1926,1700000000048925643,1,SELL,MARKET,0,10,IOC
1927,1700000000048946313,1,SELL,LIMIT,9963,10,GTC
1928,1700000000048967161,1,SELL,LIMIT,9965,10,GTC
1929,1700000000048994791,1,BUY,LIMIT,9943,25,GTC
1930,1700000000049012288,1,SELL,LIMIT,9939,20,GTC
1931,1700000000049054850,1,BUY,LIMIT,9946,25,GTC
1932,1700000000049065554,1,BUY,LIMIT,9962,50,GTC
1933,1700000000049079649,1,SELL,LIMIT,9950,20,GTC
1934,1700000000049086096,1,SELL,LIMIT,9962,20,GTC
1935,1700000000049120480,1,SELL,LIMIT,9951,5,GTC
1936,1700000000049157927,1,SELL,LIMIT,9953,25,GTC
1937,1700000000049158944,1,SELL,LIMIT,9949,25,GTC
1938,1700000000049182906,1,BUY,LIMIT,9957,10,GTC
1939,1700000000049222306,1,BUY,LIMIT,9960,100,IOC
1940,1700000000049270212,1,SELL,LIMIT,9952,20,GTC
1941,1700000000049303936,1,SELL,LIMIT,9948,10,GTC
1942,1700000000049315185,1,BUY,LIMIT,9963,1,GTC
1943,1700000000049352908,1,BUY,LIMIT,9953,10,GTC
1944,1700000000049373676,1,BUY,LIMIT,9962,5,GTC
1945,1700000000049374231,1,SELL,LIMIT,9954,100,GTC
1946,1700000000049390209,1,BUY,LIMIT,9951,10,GTC
1947,1700000000049391033,1,BUY,LIMIT,9952,25,GTC
1948,1700000000049422486,1,BUY,LIMIT,9962,10,GTC
1949,1700000000049448386,1,BUY,LIMIT,9954,5,GTC
1950,1700000000049493106,1,BUY,LIMIT,9957,20,GTC
1951,1700000000049537507,1,SELL,LIMIT,9964,100,GTC
1952,1700000000049553418,1,SELL,MARKET,0,10,IOC
1953,1700000000049558981,1,BUY,LIMIT,9948,50,GTC
1954,1700000000049565566,1,BUY,LIMIT,9951,50,GTC
1955,1700000000049610320,1,BUY,LIMIT,9953,50,GTC
1956,1700000000049636917,1,BUY,LIMIT,9982,10,GTC
1957,1700000000049680400,1,SELL,LIMIT,9979,5,GTC
1958,1700000000049725877,1,BUY,LIMIT,9962,50,GTC
1959,1700000000049746231,1,BUY,LIMIT,9978,1,GTC
1960,1700000000049779634,1,BUY,LIMIT,9976,100,GTC
1961,1700000000049787452,1,SELL,LIMIT,9983,25,GTC
1962,1700000000049797807,1,BUY,LIMIT,9983,5,GTC
1963,1700000000049826807,1,BUY,LIMIT,9974,100,GTC
1964,1700000000049857469,1,BUY,MARKET,0,100,IOC
1965,1700000000049902205,1,BUY,LIMIT,9963,25,GTC
1966,1700000000049914418,1,SELL,MARKET,0,20,IOC
1967,1700000000049934426,1,BUY,MARKET,0,25,IOC
1968,1700000000049951220,1,BUY,LIMIT,9975,50,IOC
1969,1700000000049979972,1,BUY,LIMIT,9973,100,GTC
1970,1700000000049983135,1,BUY,LIMIT,9968,100,GTC
1971,1700000000050008664,1,BUY,MARKET,0,5,IOC
1972,1700000000050036854,1,SELL,MARKET,0,20,IOC
1973,1700000000050065759,1,BUY,LIMIT,9955,5,GTC
1974,1700000000050111757,1,SELL,LIMIT,9953,10,GTC
1975,1700000000050130265,1,BUY,LIMIT,9953,50,GTC
1976,1700000000050142644,1,SELL,LIMIT,9965,50,GTC
1977,1700000000050144370,1,BUY,MARKET,0,10,IOC
1978,1700000000050151236,1,BUY,LIMIT,9962,25,GTC
1979,1700000000050199456,1,BUY,LIMIT,9959,20,GTC
1980,1700000000050235440,1,SELL,LIMIT,9967,25,GTC
1981,1700000000050265063,1,BUY,LIMIT,9964,25,GTC
1982,1700000000050309667,1,BUY,LIMIT,9958,10,GTC
1983,1700000000050351545,1,BUY,MARKET,0,5,IOC
1984,1700000000050371970,1,SELL,LIMIT,9958,25,GTC
1985,1700000000050413381,1,SELL,LIMIT,9965,10,IOC
1986,1700000000050450347,1,SELL,LIMIT,9974,20,IOC
1987,1700000000050490635,1,BUY,LIMIT,9981,50,GTC
1988,1700000000050502841,1,BUY,LIMIT,9961,20,GTC
1989,1700000000050526411,1,BUY,LIMIT,9981,50,GTC
1990,1700000000050568216,1,BUY,LIMIT,9969,25,GTC
1991,1700000000050601635,1,SELL,LIMIT,9978,25,GTC
1992,1700000000050620896,1,SELL,LIMIT,9971,100,GTC
1993,1700000000050621614,1,SELL,LIMIT,9989,20,GTC
1994,1700000000050647237,1,SELL,LIMIT,9983,5,GTC
1995,1700000000050688295,1,SELL,LIMIT,9977,1,GTC
1996,1700000000050690291,1,BUY,LIMIT,9964,50,GTC
1997,1700000000050715058,1,SELL,LIMIT,9981,5,GTC
1998,1700000000050726134,1,SELL,LIMIT,9978,10,GTC
1999,1700000000050747784,1,BUY,LIMIT,9963,10,GTC
2000,1700000000050764343,1,BUY,LIMIT,9962,100,GTC
2001,1700000000050797625,1,SELL,LIMIT,9983,100,GTC
2002,1700000000050814172,1,BUY,LIMIT,9970,10,GTC
2003,1700000000050859369,1,SELL,MARKET,0,1,IOC
2004,1700000000050887203,1,BUY,LIMIT,9977,5,GTC
2005,1700000000050916441,1,SELL,LIMIT,9983,1,GTC
2006,1700000000050964464,1,SELL,MARKET,0,50,IOC
2007,1700000000050993051,1,BUY,LIMIT,9993,100,GTC
2008,1700000000051040867,1,BUY,LIMIT,9975,5,GTC
2009,1700000000051055135,1,BUY,LIMIT,9969,100,GTC
2010,1700000000051104951,1,BUY,LIMIT,9966,100,GTC
2011,1700000000051151297,1,SELL,LIMIT,9984,100,GTC
2012,1700000000051153497,1,SELL,LIMIT,9985,20,GTC
2013,1700000000051191197,1,SELL,LIMIT,9981,10,GTC
2014,1700000000051201299,1,BUY,LIMIT,9982,10,GTC
2015,1700000000051240021,1,BUY,LIMIT,9982,10,GTC
2016,1700000000051287781,1,BUY,MARKET,0,25,IOC
2017,1700000000051310839,1,SELL,LIMIT,9974,10,GTC
2018,1700000000051343140,1,BUY,LIMIT,9974,50,GTC
2019,1700000000051344572,1,BUY,LIMIT,9971,50,GTC
2020,1700000000051363311,1,SELL,LIMIT,9977,10,GTC
2021,1700000000051393913,1,SELL,LIMIT,9989,100,GTC
2022,1700000000051442999,1,SELL,LIMIT,9996,10,GTC
2023,1700000000051465094,1,BUY,MARKET,0,5,IOC
2024,1700000000051469262,1,BUY,LIMIT,9986,5,GTC
2025,1700000000051514962,1,SELL,LIMIT,9977,10,GTC
2026,1700000000051555382,1,SELL,LIMIT,9993,1,GTC
2027,1700000000051564568,1,SELL,LIMIT,9976,5,GTC
2028,1700000000051595494,1,BUY,LIMIT,9978,100,GTC
2029,1700000000051608866,1,SELL,LIMIT,9978,5,GTC
2030,1700000000051648575,1,BUY,LIMIT,9974,10,GTC
2031,1700000000051656383,1,BUY,MARKET,0,50,IOC
2032,1700000000051656915,1,SELL,LIMIT,9976,100,GTC
2033,1700000000051690660,1,SELL,LIMIT,9984,25,GTC
2034,1700000000051713517,1,SELL,LIMIT,9978,10,GTC
2035,1700000000051745971,1,SELL,LIMIT,9988,10,GTC
2036,1700000000051750767,1,BUY,LIMIT,9980,10,GTC
2037,1700000000051793071,1,BUY,LIMIT,9997,25,GTC
2038,1700000000051807544,1,SELL,LIMIT,9994,10,GTC
2039,1700000000051847989,1,SELL,LIMIT,9985,20,GTC
2040,1700000000051859746,1,SELL,LIMIT,9972,50,GTC
2041,1700000000051903073,1,BUY,LIMIT,9980,100,GTC
2042,1700000000051934504,1,SELL,LIMIT,9979,20,GTC
2043,1700000000051983842,1,SELL,LIMIT,9983,25,GTC
2044,1700000000052010823,1,BUY,LIMIT,9985,1,GTC
2045,1700000000052029293,1,SELL,LIMIT,9995,100,GTC
2046,1700000000052054269,1,SELL,LIMIT,9988,20,GTC
2047,1700000000052068857,1,BUY,LIMIT,9974,10,GTC
2048,1700000000052090687,1,SELL,LIMIT,9968,10,GTC
2049,1700000000052134402,1,BUY,LIMIT,9982,1,GTC
2050,1700000000052138789,1,SELL,LIMIT,9982,50,GTC
2051,1700000000052146565,1,BUY,LIMIT,9981,20,GTC
2052,1700000000052157011,1,BUY,LIMIT,9974,50,GTC
2053,1700000000052173582,1,BUY,LIMIT,9973,100,GTC
2054,1700000000052219273,1,SELL,LIMIT,9974,20,GTC
2055,1700000000052243446,1,BUY,LIMIT,9990,25,GTC
2056,1700000000052274145,1,BUY,LIMIT,9971,10,GTC
2057,1700000000052283837,1,BUY,LIMIT,9987,1,GTC
2058,1700000000052318966,1,SELL,LIMIT,9987,1,GTC
2059,1700000000052352510,1,SELL,LIMIT,9959,1,GTC
2060,1700000000052394584,1,SELL,LIMIT,9977,25,GTC
2061,1700000000052428736,1,SELL,LIMIT,9976,10,GTC
2062,1700000000052478513,1,SELL,LIMIT,9976,10,GTC
2063,1700000000052521640,1,SELL,LIMIT,9967,10,GTC
2064,1700000000052523547,1,BUY,LIMIT,9968,50,GTC
2065,1700000000052525283,1,SELL,MARKET,0,50,IOC
2066,1700000000052560672,1,BUY,LIMIT,9963,25,GTC
2067,1700000000052608023,1,SELL,LIMIT,9981,25,GTC
2068,1700000000052615135,1,SELL,LIMIT,9962,10,GTC
2069,1700000000052620174,1,SELL,LIMIT,9956,25,GTC
2070,1700000000052631375,1,SELL,LIMIT,9975,20,GTC
2071,1700000000052633663,1,SELL,LIMIT,9983,25,GTC
2072,1700000000052635829,1,SELL,LIMIT,9955,50,GTC
2073,1700000000052665069,1,SELL,LIMIT,9958,100,GTC
2074,1700000000052677044,1,BUY,LIMIT,9970,5,GTC
2075,1700000000052685431,1,SELL,LIMIT,9956,10,GTC
2076,1700000000052691881,1,SELL,LIMIT,9963,10,GTC
2077,1700000000052693439,1,SELL,LIMIT,9972,100,GTC
2078,1700000000052717557,1,BUY,LIMIT,9983,25,GTC
2079,1700000000052764011,1,SELL,LIMIT,9979,10,GTC
2080,1700000000052812327,1,SELL,LIMIT,9977,20,GTC
2081,1700000000052824450,1,SELL,MARKET,0,10,IOC
2082,1700000000052828959,1,BUY,LIMIT,9956,1,GTC
2083,1700000000052839779,1,SELL,LIMIT,9974,50,GTC
2084,1700000000052864204,1,BUY,LIMIT,9983,10,GTC
2085,1700000000052884762,1,SELL,MARKET,0,10,IOC
2086,1700000000052886954,1,SELL,LIMIT,9958,1,GTC
2087,1700000000052890501,1,BUY,LIMIT,9972,50,GTC
2088,1700000000052891980,1,BUY,LIMIT,9966,5,GTC
2089,1700000000052922917,1,SELL,LIMIT,9951,100,GTC
2090,1700000000052943826,1,SELL,LIMIT,9953,1,GTC
2091,1700000000052984539,1,BUY,LIMIT,9953,25,GTC
2092,1700000000052993285,1,SELL,LIMIT,9974,10,GTC
2093,1700000000053042490,1,SELL,LIMIT,9953,5,GTC
2094,1700000000053059417,1,SELL,LIMIT,9965,10,GTC
2095,1700000000053068548,1,SELL,LIMIT,9966,20,GTC
2096,1700000000053118064,1,BUY,LIMIT,9961,1,GTC
2097,1700000000053130502,1,BUY,MARKET,0,10,IOC
2098,1700000000053141611,1,BUY,MARKET,0,10,IOC
2099,1700000000053183314,1,BUY,LIMIT,9958,10,GTC
2100,1700000000053224532,1,SELL,LIMIT,9960,100,GTC
2101,1700000000053247134,1,SELL,LIMIT,9953,25,GTC
2102,1700000000053291100,1,BUY,LIMIT,9958,100,GTC
2103,1700000000053319552,1,SELL,LIMIT,9956,25,GTC
2104,1700000000053327335,1,BUY,LIMIT,9945,100,GTC
2105,1700000000053356419,1,SELL,LIMIT,9966,100,GTC
2106,1700000000053382973,1,SELL,LIMIT,9967,10,GTC
2107,1700000000053384568,1,SELL,LIMIT,9949,10,GTC
2108,1700000000053420008,1,SELL,LIMIT,9960,1,GTC
2109,1700000000053427070,1,SELL,LIMIT,9956,10,GTC
2110,1700000000053463013,1,BUY,LIMIT,9961,10,GTC
2111,1700000000053482944,1,BUY,LIMIT,9944,50,GTC
2112,1700000000053492364,1,SELL,LIMIT,9971,25,GTC
2113,1700000000053539285,1,SELL,MARKET,0,20,IOC
2114,1700000000053543666,1,SELL,LIMIT,9969,5,GTC
2115,1700000000053569806,1,BUY,LIMIT,9975,10,GTC
2116,1700000000053574928,1,BUY,LIMIT,9970,25,GTC
2117,1700000000053588917,1,SELL,LIMIT,9978,10,GTC
2118,1700000000053623536,1,BUY,LIMIT,9960,5,IOC
2119,1700000000053643619,1,SELL,LIMIT,9968,100,GTC
2120,1700000000053661951,1,BUY,LIMIT,9966,25,GTC
2121,1700000000053700788,1,BUY,LIMIT,9952,50,GTC
2122,1700000000053716009,1,SELL,LIMIT,9972,20,GTC
2123,1700000000053732322,1,BUY,LIMIT,9967,25,GTC
2124,1700000000053736534,1,SELL,LIMIT,9973,50,GTC
2125,1700000000053753527,1,BUY,LIMIT,9979,20,GTC
2126,1700000000053759472,1,SELL,LIMIT,9981,25,GTC
2127,1700000000053798709,1,BUY,LIMIT,9959,10,GTC
2128,1700000000053835953,1,SELL,LIMIT,9976,100,GTC
2129,1700000000053839212,1,SELL,LIMIT,9969,50,GTC
2130,1700000000053847410,1,BUY,LIMIT,9974,5,GTC
2131,1700000000053873714,1,BUY,LIMIT,9979,50,GTC
2132,1700000000053911788,1,SELL,LIMIT,9984,100,GTC
2133,1700000000053956136,1,SELL,LIMIT,9988,50,GTC
2134,1700000000053975790,1,BUY,LIMIT,9979,5,GTC
2135,1700000000054021051,1,SELL,LIMIT,9986,25,GTC
2136,1700000000054042818,1,BUY,LIMIT,9966,1,GTC
2137,1700000000054079918,1,SELL,LIMIT,9982,10,GTC
2138,1700000000054091693,1,SELL,LIMIT,9984,25,GTC
2139,1700000000054112937,1,BUY,LIMIT,9975,10,GTC
2140,1700000000054154187,1,BUY,LIMIT,9969,25,GTC
2141,1700000000054177663,1,SELL,LIMIT,9973,100,GTC
2142,1700000000054199315,1,SELL,LIMIT,9990,10,GTC
2143,1700000000054236509,1,BUY,LIMIT,9992,20,GTC
2144,1700000000054283648,1,BUY,LIMIT,9966,5,GTC
2145,1700000000054319067,1,SELL,LIMIT,9992,25,GTC
2146,1700000000054359768,1,BUY,LIMIT,9967,20,GTC
2147,1700000000054376383,1,SELL,LIMIT,9972,1,GTC
2148,1700000000054392962,1,BUY,LIMIT,9966,10,GTC
2149,1700000000054394823,1,BUY,LIMIT,9968,10,IOC
2150,1700000000054422345,1,SELL,LIMIT,9980,10,GTC
2151,1700000000054471786,1,SELL,LIMIT,9985,50,GTC
2152,1700000000054496549,1,SELL,LIMIT,9989,50,GTC
2153,1700000000054542478,1,SELL,LIMIT,9973,5,GTC
2154,1700000000054549310,1,BUY,LIMIT,9983,10,GTC
2155,1700000000054597002,1,SELL,LIMIT,9981,10,GTC
2156,1700000000054627995,1,SELL,LIMIT,9980,10,GTC
2157,1700000000054661075,1,SELL,MARKET,0,100,IOC
2158,1700000000054698209,1,BUY,LIMIT,9968,100,IOC
2159,1700000000054743405,1,BUY,LIMIT,9992,5,GTC
2160,1700000000054790672,1,BUY,LIMIT,9982,1,GTC
2161,1700000000054805275,1,BUY,LIMIT,9995,50,GTC
2162,1700000000054843121,1,BUY,LIMIT,9988,10,GTC
2163,1700000000054844065,1,SELL,LIMIT,9974,25,GTC
2164,1700000000054884794,1,BUY,LIMIT,9989,5,GTC
2165,1700000000054897171,1,SELL,LIMIT,9991,10,GTC
2166,1700000000054924118,1,SELL,LIMIT,9968,5,GTC
2167,1700000000054933695,1,SELL,LIMIT,9991,100,GTC
2168,1700000000054950710,1,BUY,LIMIT,9980,50,GTC
2169,1700000000054973473,1,BUY,LIMIT,9975,5,GTC
2170,1700000000055010484,1,SELL,LIMIT,9969,1,GTC
2171,1700000000055011289,1,SELL,LIMIT,9966,1,GTC
2172,1700000000055016336,1,BUY,MARKET,0,25,IOC
2173,1700000000055023190,1,BUY,LIMIT,9968,25,GTC
2174,1700000000055069982,1,SELL,LIMIT,9977,100,GTC
2175,1700000000055072470,1,SELL,LIMIT,9973,100,GTC
2176,1700000000055093395,1,BUY,LIMIT,10000,5,GTC
2177,1700000000055126509,1,BUY,LIMIT,9987,5,GTC
2178,1700000000055170163,1,SELL,LIMIT,9996,100,GTC
2179,1700000000055192836,1,SELL,LIMIT,9998,5,GTC
2180,1700000000055196061,1,BUY,LIMIT,9992,50,GTC
2181,1700000000055230629,1,BUY,LIMIT,9980,5,GTC
2182,1700000000055266936,1,SELL,LIMIT,9978,50,GTC
2183,1700000000055308483,1,BUY,LIMIT,9978,20,GTC
2184,1700000000055330053,1,BUY,LIMIT,9979,5,IOC
2185,1700000000055375383,1,BUY,LIMIT,9980,20,GTC
2186,1700000000055414383,1,BUY,LIMIT,9973,20,GTC
2187,1700000000055449898,1,SELL,LIMIT,9989,1,GTC
2188,1700000000055495235,1,BUY,LIMIT,9972,1,GTC
2189,1700000000055540373,1,BUY,LIMIT,9996,25,GTC
2190,1700000000055587561,1,BUY,LIMIT,9985,10,GTC
2191,1700000000055591025,1,BUY,LIMIT,9976,1,GTC
2192,1700000000055634752,1,BUY,LIMIT,9999,10,GTC
2193,1700000000055659617,1,SELL,LIMIT,9978,10,GTC
2194,1700000000055687828,1,BUY,LIMIT,9995,20,GTC
2195,1700000000055715145,1,SELL,LIMIT,9998,20,GTC
2196,1700000000055747640,1,BUY,LIMIT,9992,10,GTC
2197,1700000000055756586,1,SELL,LIMIT,9991,100,IOC
2198,1700000000055764640,1,SELL,MARKET,0,5,IOC
2199,1700000000055813642,1,SELL,LIMIT,9984,10,GTC
2200,1700000000055832800,1,SELL,LIMIT,10000,20,GTC
2201,1700000000055838969,1,SELL,LIMIT,9984,10,GTC
2202,1700000000055870848,1,SELL,LIMIT,9998,100,GTC
2203,1700000000055883437,1,BUY,MARKET,0,50,IOC
2204,1700000000055912648,1,SELL,LIMIT,9983,25,GTC
2205,1700000000055926938,1,BUY,LIMIT,9979,10,GTC
2206,1700000000055938941,1,BUY,LIMIT,10010,20,GTC
2207,1700000000055958564,1,BUY,LIMIT,9980,10,GTC
2208,1700000000055960722,1,BUY,LIMIT,9986,100,GTC
2209,1700000000055970617,1,BUY,LIMIT,10002,10,GTC
2210,1700000000055997981,1,SELL,MARKET,0,5,IOC
2211,1700000000056022753,1,SELL,LIMIT,9990,25,GTC
2212,1700000000056060130,1,BUY,LIMIT,9989,1,IOC
2213,1700000000056097568,1,SELL,LIMIT,9982,1,GTC
2214,1700000000056116579,1,BUY,LIMIT,10009,50,GTC
2215,1700000000056157226,1,SELL,LIMIT,10005,100,GTC
2216,1700000000056187493,1,BUY,LIMIT,9995,10,GTC
2217,1700000000056213450,1,SELL,LIMIT,9991,10,GTC
2218,1700000000056223386,1,SELL,LIMIT,9981,20,GTC
2219,1700000000056232079,1,BUY,LIMIT,9995,50,GTC
2220,1700000000056262763,1,SELL,LIMIT,9993,50,GTC
2221,1700000000056306868,1,BUY,LIMIT,9997,25,GTC
2222,1700000000056344617,1,BUY,LIMIT,9990,10,GTC
2223,1700000000056381044,1,SELL,LIMIT,10006,100,GTC
2224,1700000000056390806,1,SELL,LIMIT,10004,50,GTC
2225,1700000000056394640,1,BUY,LIMIT,9993,50,GTC
2226,1700000000056406957,1,BUY,LIMIT,9987,50,GTC
2227,1700000000056456345,1,BUY,LIMIT,10000,20,GTC
2228,1700000000056466720,1,SELL,LIMIT,9996,10,GTC
2229,1700000000056487943,1,BUY,LIMIT,10007,100,GTC
2230,1700000000056532757,1,SELL,LIMIT,10008,1,GTC
2231,1700000000056554982,1,SELL,LIMIT,9982,1,GTC
2232,1700000000056569441,1,BUY,LIMIT,9996,10,GTC
2233,1700000000056601076,1,SELL,LIMIT,10013,100,GTC
2234,1700000000056611538,1,SELL,LIMIT,9986,10,GTC
2235,1700000000056657904,1,BUY,LIMIT,10000,100,GTC
2236,1700000000056687561,1,SELL,LIMIT,9983,10,GTC
2237,1700000000056699232,1,SELL,LIMIT,9989,100,GTC
2238,1700000000056738063,1,BUY,LIMIT,10006,100,GTC
2239,1700000000056760830,1,BUY,LIMIT,9996,25,GTC
2240,1700000000056802226,1,SELL,MARKET,0,10,IOC
2241,1700000000056844290,1,SELL,LIMIT,9980,10,GTC
2242,1700000000056845835,1,BUY,LIMIT,10001,100,GTC
2243,1700000000056858919,1,SELL,LIMIT,9982,20,GTC
2244,1700000000056870355,1,BUY,LIMIT,10007,25,IOC
2245,1700000000056892974,1,SELL,LIMIT,9983,50,GTC
2246,1700000000056915292,1,BUY,LIMIT,9993,5,GTC
2247,1700000000056935630,1,BUY,LIMIT,10002,1,GTC
2248,1700000000056981799,1,BUY,LIMIT,9985,20,IOC
2249,1700000000057008984,1,BUY,LIMIT,10000,50,GTC
2250,1700000000057041519,1,BUY,LIMIT,9998,10,GTC
2251,1700000000057075363,1,BUY,LIMIT,10003,25,GTC
2252,1700000000057087469,1,BUY,LIMIT,9995,5,GTC
2253,1700000000057088601,1,BUY,LIMIT,9977,5,GTC
2254,1700000000057099340,1,BUY,LIMIT,9999,5,GTC
2255,1700000000057143417,1,SELL,LIMIT,9987,25,GTC
2256,1700000000057156992,1,SELL,MARKET,0,10,IOC
2257,1700000000057185867,1,SELL,LIMIT,9994,1,GTC
2258,1700000000057227356,1,SELL,LIMIT,9997,25,GTC
2259,1700000000057258606,1,BUY,LIMIT,9998,10,GTC
2260,1700000000057292371,1,SELL,LIMIT,10002,10,GTC
2261,1700000000057338744,1,BUY,LIMIT,9980,10,GTC
2262,1700000000057360307,1,SELL,MARKET,0,10,IOC
2263,1700000000057400230,1,SELL,LIMIT,9992,20,GTC
2264,1700000000057448928,1,SELL,LIMIT,9985,25,GTC
2265,1700000000057498861,1,SELL,LIMIT,10000,20,GTC
2266,1700000000057547393,1,BUY,MARKET,0,25,IOC
2267,1700000000057548679,1,SELL,LIMIT,9967,100,GTC
2268,1700000000057594928,1,SELL,LIMIT,9991,25,GTC
2269,1700000000057624970,1,SELL,LIMIT,9987,25,GTC
2270,1700000000057646013,1,SELL,LIMIT,9983,100,GTC
2271,1700000000057673365,1,SELL,LIMIT,9987,25,GTC
2272,1700000000057704249,1,SELL,LIMIT,9994,50,GTC
2273,1700000000057732247,1,SELL,LIMIT,9976,50,GTC
2274,1700000000057758923,1,SELL,LIMIT,9981,10,GTC
2275,1700000000057798281,1,BUY,LIMIT,9989,10,GTC
2276,1700000000057808604,1,BUY,MARKET,0,100,IOC
2277,1700000000057819479,1,BUY,MARKET,0,50,IOC
2278,1700000000057859747,1,SELL,LIMIT,9972,100,GTC
2279,1700000000057883405,1,BUY,LIMIT,9993,1,GTC
2280,1700000000057899315,1,BUY,LIMIT,9978,10,GTC
2281,1700000000057941201,1,SELL,LIMIT,9977,20,GTC
2282,1700000000057980964,1,BUY,LIMIT,9981,5,GTC
2283,1700000000058005683,1,SELL,LIMIT,9971,10,GTC
2284,1700000000058030431,1,SELL,MARKET,0,100,IOC
2285,1700000000058072472,1,BUY,LIMIT,9983,25,GTC
2286,1700000000058081303,1,SELL,LIMIT,9979,10,GTC
2287,1700000000058098127,1,SELL,LIMIT,9989,10,GTC
2288,1700000000058123802,1,SELL,LIMIT,9970,5,GTC
2289,1700000000058128688,1,BUY,LIMIT,9979,20,GTC
2290,1700000000058153028,1,BUY,LIMIT,9987,10,GTC
2291,1700000000058176869,1,SELL,LIMIT,9973,25,GTC
2292,1700000000058209134,1,SELL,LIMIT,9994,25,GTC
2293,1700000000058248797,1,SELL,LIMIT,9994,10,GTC
2294,1700000000058265564,1,BUY,LIMIT,9992,20,GTC
2295,1700000000058279449,1,BUY,LIMIT,9999,20,IOC
2296,1700000000058285107,1,BUY,MARKET,0,50,IOC
2297,1700000000058321996,1,BUY,LIMIT,9973,50,GTC
2298,1700000000058340580,1,SELL,LIMIT,9970,100,GTC
2299,1700000000058342191,1,SELL,LIMIT,9970,25,GTC
2300,1700000000058389909,1,BUY,LIMIT,9977,25,GTC
2301,1700000000058411813,1,SELL,LIMIT,9982,10,GTC
2302,1700000000058433547,1,SELL,MARKET,0,20,IOC
2303,1700000000058481414,1,SELL,MARKET,0,1,IOC
2304,1700000000058488615,1,SELL,LIMIT,9995,10,GTC
2305,1700000000058511276,1,BUY,LIMIT,9969,25,GTC
2306,1700000000058546161,1,BUY,LIMIT,9979,1,GTC
2307,1700000000058560243,1,SELL,LIMIT,9968,5,GTC
2308,1700000000058564446,1,BUY,LIMIT,9991,10,GTC
2309,1700000000058596317,1,SELL,MARKET,0,10,IOC
2310,1700000000058629623,1,BUY,LIMIT,9993,10,GTC
2311,1700000000058662381,1,BUY,LIMIT,9983,20,GTC
2312,1700000000058701525,1,SELL,LIMIT,9976,10,GTC
2313,1700000000058740139,1,BUY,LIMIT,9956,5,GTC
2314,1700000000058781774,1,SELL,LIMIT,9967,1,GTC
2315,1700000000058795485,1,SELL,LIMIT,9968,10,GTC
2316,1700000000058803794,1,SELL,LIMIT,9970,50,GTC
2317,1700000000058817702,1,BUY,MARKET,0,50,IOC
2318,1700000000058831318,1,BUY,LIMIT,9963,10,GTC
2319,1700000000058870697,1,SELL,LIMIT,9989,10,GTC
2320,1700000000058885405,1,BUY,LIMIT,9986,20,GTC
2321,1700000000058907789,1,BUY,MARKET,0,10,IOC
2322,1700000000058947729,1,BUY,LIMIT,9988,50,GTC
2323,1700000000058953319,1,BUY,LIMIT,9985,10,GTC
2324,1700000000058994403,1,BUY,MARKET,0,1,IOC
2325,1700000000059019899,1,SELL,LIMIT,9995,100,IOC
2326,1700000000059048131,1,SELL,LIMIT,9969,10,GTC
2327,1700000000059091467,1,SELL,MARKET,0,50,IOC
2328,1700000000059111762,1,BUY,MARKET,0,5,IOC
2329,1700000000059120147,1,BUY,LIMIT,9993,10,GTC
2330,1700000000059132088,1,SELL,LIMIT,9967,100,GTC
2331,1700000000059150287,1,BUY,LIMIT,9978,20,GTC
2332,1700000000059155057,1,SELL,LIMIT,9984,10,GTC
2333,1700000000059183900,1,SELL,MARKET,0,100,IOC
2334,1700000000059227431,1,BUY,LIMIT,9964,1,GTC
2335,1700000000059241215,1,SELL,LIMIT,9983,100,GTC
2336,1700000000059286913,1,BUY,LIMIT,9994,10,GTC
2337,1700000000059324043,1,SELL,LIMIT,9965,50,GTC
2338,1700000000059348400,1,BUY,LIMIT,9993,20,GTC
2339,1700000000059392062,1,SELL,LIMIT,9978,25,GTC
2340,1700000000059419235,1,SELL,LIMIT,9972,25,GTC
2341,1700000000059463818,1,SELL,LIMIT,9971,10,GTC
2342,1700000000059469983,1,SELL,LIMIT,9976,50,GTC
2343,1700000000059500024,1,BUY,LIMIT,9993,100,GTC
2344,1700000000059539766,1,SELL,LIMIT,9995,10,IOC
2345,1700000000059553754,1,SELL,LIMIT,9971,10,GTC
2346,1700000000059588304,1,SELL,LIMIT,9982,1,GTC
2347,1700000000059637281,1,SELL,LIMIT,9983,10,GTC
2348,1700000000059673724,1,SELL,LIMIT,9979,25,GTC
2349,1700000000059719299,1,SELL,LIMIT,9971,50,GTC
2350,1700000000059766736,1,SELL,LIMIT,9987,10,GTC
2351,1700000000059771968,1,SELL,LIMIT,9989,10,GTC
2352,1700000000059807986,1,SELL,LIMIT,9978,10,GTC
2353,1700000000059816420,1,BUY,LIMIT,9968,20,IOC
2354,1700000000059824715,1,BUY,LIMIT,9968,100,GTC
2355,1700000000059847704,1,SELL,LIMIT,9966,20,GTC
2356,1700000000059889833,1,BUY,LIMIT,9985,100,GTC
2357,1700000000059892367,1,SELL,LIMIT,9968,25,GTC
2358,1700000000059920569,1,SELL,LIMIT,9978,5,GTC
2359,1700000000059922859,1,SELL,LIMIT,9998,100,GTC
2360,1700000000059958993,1,BUY,LIMIT,9996,20,GTC
2361,1700000000059989291,1,BUY,LIMIT,9987,5,GTC
2362,1700000000060026007,1,SELL,LIMIT,9980,20,IOC
2363,1700000000060071322,1,SELL,LIMIT,9987,1,GTC
2364,1700000000060076350,1,SELL,LIMIT,9966,100,GTC
2365,1700000000060093443,1,BUY,LIMIT,9985,1,GTC
2366,1700000000060104608,1,BUY,LIMIT,9973,20,GTC
2367,1700000000060118157,1,BUY,LIMIT,9968,5,GTC
2368,1700000000060143345,1,BUY,MARKET,0,10,IOC
2369,1700000000060158835,1,BUY,LIMIT,9989,100,GTC
2370,1700000000060168457,1,BUY,LIMIT,9993,10,GTC
2371,1700000000060192987,1,SELL,LIMIT,9980,100,IOC
2372,1700000000060235091,1,SELL,MARKET,0,25,IOC
2373,1700000000060239977,1,BUY,LIMIT,9974,50,GTC
2374,1700000000060273711,1,BUY,LIMIT,9984,50,GTC
2375,1700000000060311594,1,SELL,LIMIT,9964,5,IOC
2376,1700000000060343412,1,SELL,LIMIT,9976,20,GTC
2377,1700000000060359132,1,SELL,LIMIT,9974,1,GTC
2378,1700000000060363563,1,BUY,LIMIT,9976,25,GTC
2379,1700000000060383942,1,SELL,LIMIT,9976,1,GTC
2380,1700000000060396806,1,BUY,LIMIT,9985,10,GTC
2381,1700000000060406881,1,BUY,LIMIT,9963,5,GTC
2382,1700000000060441026,1,BUY,LIMIT,9989,100,GTC
2383,1700000000060456294,1,SELL,LIMIT,9983,25,GTC
2384,1700000000060459606,1,BUY,MARKET,0,50,IOC
2385,1700000000060485715,1,BUY,LIMIT,9971,25,GTC
2386,1700000000060526512,1,SELL,LIMIT,9988,100,GTC
2387,1700000000060542828,1,SELL,LIMIT,9995,10,GTC
2388,1700000000060570677,1,SELL,LIMIT,9971,1,GTC
2389,1700000000060595393,1,SELL,LIMIT,9990,1,GTC
2390,1700000000060615782,1,BUY,LIMIT,9990,25,GTC
2391,1700000000060649799,1,SELL,LIMIT,9977,100,GTC
2392,1700000000060681056,1,BUY,LIMIT,9990,10,GTC
2393,1700000000060698044,1,BUY,LIMIT,9977,5,GTC
2394,1700000000060719060,1,BUY,LIMIT,9978,10,GTC
2395,1700000000060741514,1,SELL,LIMIT,9979,10,GTC
2396,1700000000060782191,1,SELL,LIMIT,9988,10,GTC
2397,1700000000060829393,1,BUY,LIMIT,9981,25,GTC
2398,1700000000060837574,1,SELL,LIMIT,9987,10,GTC
2399,1700000000060850072,1,SELL,LIMIT,9982,25,GTC
2400,1700000000060887808,1,SELL,LIMIT,9989,20,GTC
2401,1700000000060912986,1,SELL,LIMIT,9996,5,GTC
2402,1700000000060945929,1,SELL,LIMIT,9982,20,GTC
2403,1700000000060959483,1,SELL,LIMIT,10006,50,GTC
2404,1700000000060988633,1,BUY,LIMIT,9994,100,GTC
2405,1700000000060991822,1,BUY,LIMIT,9982,1,GTC
2406,1700000000061041016,1,BUY,LIMIT,9999,5,GTC
2407,1700000000061042161,1,BUY,MARKET,0,1,IOC
2408,1700000000061057766,1,BUY,LIMIT,9989,10,GTC
2409,1700000000061073756,1,SELL,LIMIT,9987,25,GTC
2410,1700000000061087569,1,BUY,LIMIT,10001,50,GTC
2411,1700000000061119936,1,SELL,LIMIT,9980,20,GTC
2412,1700000000061131809,1,BUY,LIMIT,9982,10,GTC
2413,1700000000061160829,1,BUY,MARKET,0,20,IOC
2414,1700000000061166702,1,SELL,LIMIT,9988,5,GTC
2415,1700000000061168711,1,SELL,LIMIT,9997,50,GTC
2416,1700000000061190318,1,SELL,LIMIT,9996,25,GTC
2417,1700000000061215260,1,BUY,LIMIT,9998,10,GTC
2418,1700000000061242236,1,SELL,LIMIT,9992,10,GTC
2419,1700000000061257867,1,BUY,LIMIT,9976,20,GTC
2420,1700000000061300668,1,SELL,LIMIT,9968,10,GTC
2421,1700000000061324729,1,BUY,LIMIT,9970,25,GTC
2422,1700000000061353891,1,BUY,LIMIT,9984,5,GTC
2423,1700000000061364752,1,BUY,LIMIT,9998,100,GTC
2424,1700000000061367630,1,BUY,LIMIT,9983,10,GTC
2425,1700000000061374184,1,BUY,LIMIT,9969,10,GTC
2426,1700000000061409107,1,SELL,MARKET,0,5,IOC
2427,1700000000061424620,1,BUY,LIMIT,9994,10,GTC
2428,1700000000061462646,1,BUY,LIMIT,9974,1,GTC
2429,1700000000061482036,1,SELL,LIMIT,9996,10,GTC
2430,1700000000061522030,1,BUY,LIMIT,9975,10,GTC
2431,1700000000061557523,1,BUY,LIMIT,9980,10,GTC
2432,1700000000061592996,1,SELL,LIMIT,9980,10,GTC
2433,1700000000061611343,1,BUY,MARKET,0,10,IOC
2434,1700000000061622787,1,SELL,LIMIT,9996,10,GTC
2435,1700000000061660895,1,BUY,LIMIT,9972,25,GTC
2436,1700000000061672017,1,BUY,LIMIT,9973,10,GTC
2437,1700000000061681423,1,SELL,MARKET,0,50,IOC
2438,1700000000061717988,1,BUY,LIMIT,9982,50,GTC
2439,1700000000061758171,1,SELL,LIMIT,9982,25,GTC
2440,1700000000061769608,1,SELL,LIMIT,9993,50,GTC
2441,1700000000061789666,1,SELL,LIMIT,9971,25,GTC
2442,1700000000061810780,1,SELL,LIMIT,9979,1,GTC
2443,1700000000061853121,1,BUY,MARKET,0,50,IOC
2444,1700000000061896158,1,BUY,LIMIT,9995,10,GTC
2445,1700000000061913233,1,BUY,LIMIT,9973,100,GTC
2446,1700000000061922279,1,BUY,LIMIT,9984,100,GTC
2447,1700000000061942139,1,SELL,LIMIT,9977,5,GTC
2448,1700000000061947758,1,BUY,LIMIT,9984,50,GTC
2449,1700000000061952698,1,BUY,LIMIT,9990,100,GTC
2450,1700000000061962762,1,BUY,LIMIT,9988,5,GTC
2451,1700000000061964844,1,SELL,LIMIT,9974,25,GTC
2452,1700000000061984016,1,BUY,LIMIT,9988,25,GTC
2453,1700000000062012919,1,BUY,LIMIT,9976,100,GTC
2454,1700000000062023467,1,SELL,LIMIT,9993,5,GTC
2455,1700000000062033401,1,BUY,LIMIT,9993,20,GTC
2456,1700000000062048334,1,SELL,LIMIT,9996,50,GTC
2457,1700000000062061580,1,BUY,MARKET,0,10,IOC
2458,1700000000062097931,1,SELL,LIMIT,10000,50,GTC
2459,1700000000062100886,1,BUY,LIMIT,9975,10,GTC
2460,1700000000062145466,1,SELL,LIMIT,9981,10,GTC
2461,1700000000062176697,1,BUY,LIMIT,9999,25,GTC
2462,1700000000062218584,1,SELL,LIMIT,10001,25,GTC
2463,1700000000062258002,1,BUY,LIMIT,9996,20,GTC
2464,1700000000062280007,1,SELL,LIMIT,9978,20,GTC
2465,1700000000062297391,1,BUY,LIMIT,9991,20,GTC
2466,1700000000062328322,1,SELL,LIMIT,10003,10,GTC
2467,1700000000062356300,1,SELL,LIMIT,9990,50,GTC
2468,1700000000062377375,1,BUY,LIMIT,9980,5,GTC
2469,1700000000062399749,1,BUY,LIMIT,9976,1,GTC
2470,1700000000062438811,1,BUY,LIMIT,9999,50,GTC
2471,1700000000062461338,1,BUY,LIMIT,9978,10,GTC
2472,1700000000062467232,1,SELL,LIMIT,9994,5,GTC
2473,1700000000062513435,1,SELL,LIMIT,9983,5,GTC
2474,1700000000062525572,1,BUY,MARKET,0,100,IOC
2475,1700000000062569722,1,BUY,LIMIT,9980,25,GTC
2476,1700000000062608420,1,BUY,LIMIT,9979,1,GTC
2477,1700000000062634535,1,SELL,LIMIT,9993,10,GTC
2478,1700000000062675191,1,SELL,LIMIT,9988,5,GTC
2479,1700000000062708224,1,BUY,LIMIT,9996,5,GTC
2480,1700000000062754265,1,BUY,LIMIT,9982,10,GTC
2481,1700000000062782157,1,SELL,LIMIT,9986,50,GTC
2482,1700000000062796455,1,SELL,LIMIT,10000,25,GTC
2483,1700000000062806633,1,BUY,LIMIT,9972,5,GTC
2484,1700000000062852203,1,SELL,LIMIT,9991,25,GTC
2485,1700000000062899175,1,SELL,LIMIT,9980,20,GTC
2486,1700000000062922290,1,SELL,LIMIT,9976,10,GTC
2487,1700000000062955401,1,BUY,LIMIT,9987,10,GTC
2488,1700000000062964610,1,SELL,LIMIT,9984,100,GTC
2489,1700000000062965597,1,BUY,LIMIT,9978,10,GTC
2490,1700000000062975807,1,SELL,LIMIT,9981,25,GTC
2491,1700000000062989562,1,SELL,LIMIT,9984,20,GTC
2492,1700000000063031450,1,BUY,MARKET,0,1,IOC
2493,1700000000063063590,1,SELL,LIMIT,9977,5,GTC
2494,1700000000063098881,1,SELL,LIMIT,9975,20,GTC
2495,1700000000063127885,1,SELL,LIMIT,9988,10,GTC
2496,1700000000063163695,1,SELL,LIMIT,9986,20,GTC
2497,1700000000063195292,1,BUY,LIMIT,9975,5,GTC
2498,1700000000063216447,1,SELL,LIMIT,10007,10,GTC
2499,1700000000063231985,1,SELL,LIMIT,9990,1,GTC
2500,1700000000063235142,1,SELL,LIMIT,9991,10,IOC
2501,1700000000063240629,1,SELL,LIMIT,9993,1,IOC
2502,1700000000063242200,1,SELL,LIMIT,10012,50,GTC
2503,1700000000063282037,1,SELL,LIMIT,10009,20,GTC
2504,1700000000063290130,1,BUY,LIMIT,9992,20,GTC
2505,1700000000063326351,1,BUY,LIMIT,10005,10,GTC
2506,1700000000063358299,1,BUY,LIMIT,9991,10,GTC
2507,1700000000063402826,1,BUY,LIMIT,10008,20,GTC
2508,1700000000063409722,1,BUY,LIMIT,9990,25,GTC
2509,1700000000063415217,1,SELL,LIMIT,10003,5,GTC
2510,1700000000063433415,1,SELL,LIMIT,9984,5,GTC
2511,1700000000063467389,1,BUY,LIMIT,9985,100,GTC
2512,1700000000063491038,1,BUY,LIMIT,10004,5,GTC
2513,1700000000063532192,1,BUY,LIMIT,10007,1,GTC
2514,1700000000063543200,1,SELL,LIMIT,9982,25,GTC
2515,1700000000063545652,1,SELL,LIMIT,9996,25,GTC
2516,1700000000063560069,1,SELL,LIMIT,9993,50,GTC
2517,1700000000063609370,1,BUY,LIMIT,10002,5,GTC
2518,1700000000063635250,1,SELL,LIMIT,10000,100,GTC
2519,1700000000063635993,1,SELL,LIMIT,9976,10,IOC
2520,1700000000063663725,1,BUY,LIMIT,10005,25,GTC
2521,1700000000063670514,1,SELL,LIMIT,10005,10,GTC
2522,1700000000063707293,1,SELL,LIMIT,9997,100,GTC
2523,1700000000063723917,1,SELL,LIMIT,9999,25,GTC
2524,1700000000063744091,1,SELL,LIMIT,9980,1,GTC
2525,1700000000063762984,1,SELL,LIMIT,9989,10,GTC
2526,1700000000063783694,1,SELL,LIMIT,9996,100,GTC
2527,1700000000063805673,1,BUY,MARKET,0,20,IOC
2528,1700000000063829931,1,SELL,LIMIT,10009,5,GTC
2529,1700000000063842399,1,BUY,LIMIT,9987,5,GTC
2530,1700000000063878957,1,BUY,LIMIT,9985,20,IOC
2531,1700000000063915656,1,SELL,LIMIT,10006,20,GTC
2532,1700000000063943692,1,BUY,LIMIT,10007,20,GTC
2533,1700000000063982747,1,SELL,LIMIT,9981,5,GTC
2534,1700000000064018765,1,BUY,LIMIT,9992,50,GTC
2535,1700000000064024639,1,BUY,LIMIT,9991,10,GTC
2536,1700000000064066481,1,BUY,LIMIT,9991,5,GTC
2537,1700000000064093713,1,BUY,LIMIT,9998,10,GTC
2538,1700000000064126499,1,SELL,LIMIT,9991,10,GTC
2539,1700000000064161587,1,BUY,LIMIT,9993,10,GTC
2540,1700000000064179739,1,BUY,LIMIT,9991,20,GTC
2541,1700000000064180334,1,SELL,LIMIT,9993,100,GTC
2542,1700000000064222830,1,BUY,LIMIT,9976,10,GTC
2543,1700000000064239713,1,BUY,LIMIT,9973,10,GTC
2544,1700000000064248926,1,BUY,MARKET,0,50,IOC
2545,1700000000064295053,1,BUY,LIMIT,9969,5,GTC
2546,1700000000064319719,1,BUY,LIMIT,9980,5,GTC
2547,1700000000064363677,1,SELL,LIMIT,9981,100,GTC
2548,1700000000064396283,1,SELL,LIMIT,9975,10,GTC
2549,1700000000064407177,1,SELL,LIMIT,9971,100,IOC
2550,1700000000064421035,1,SELL,LIMIT,9983,20,GTC
2551,1700000000064422437,1,BUY,LIMIT,9969,50,GTC
2552,1700000000064465158,1,SELL,LIMIT,9978,20,GTC
2553,1700000000064483329,1,BUY,LIMIT,9966,50,GTC
2554,1700000000064526114,1,BUY,LIMIT,9960,10,IOC
2555,1700000000064533811,1,BUY,LIMIT,9973,10,GTC
2556,1700000000064583227,1,SELL,LIMIT,9977,20,GTC
2557,1700000000064600248,1,BUY,LIMIT,9983,20,GTC
2558,1700000000064641873,1,BUY,LIMIT,9987,10,GTC
2559,1700000000064663827,1,SELL,MARKET,0,1,IOC
2560,1700000000064677002,1,SELL,LIMIT,9979,100,GTC
2561,1700000000064715918,1,BUY,LIMIT,9983,20,GTC
2562,1700000000064722715,1,SELL,LIMIT,9987,25,GTC
2563,1700000000064746603,1,BUY,LIMIT,9964,25,GTC
2564,1700000000064792305,1,SELL,LIMIT,9972,1,GTC
2565,1700000000064806237,1,BUY,LIMIT,9961,1,GTC
2566,1700000000064853820,1,BUY,LIMIT,9956,100,GTC
2567,1700000000064855086,1,BUY,LIMIT,9963,20,GTC
2568,1700000000064869288,1,BUY,LIMIT,9973,100,GTC
2569,1700000000064908999,1,BUY,LIMIT,9953,20,GTC
2570,1700000000064944958,1,SELL,LIMIT,9958,20,IOC
2571,1700000000064959637,1,SELL,LIMIT,9949,100,GTC
2572,1700000000064997864,1,BUY,LIMIT,9954,10,GTC
2573,1700000000065034820,1,BUY,LIMIT,9980,100,GTC
2574,1700000000065047938,1,BUY,LIMIT,9973,20,GTC
2575,1700000000065062139,1,SELL,LIMIT,9952,10,GTC
2576,1700000000065064702,1,BUY,LIMIT,9970,10,GTC
2577,1700000000065110209,1,SELL,LIMIT,9957,20,GTC
2578,1700000000065141755,1,BUY,MARKET,0,10,IOC
2579,1700000000065149367,1,BUY,LIMIT,9963,50,GTC
2580,1700000000065164891,1,SELL,LIMIT,9947,50,GTC
2581,1700000000065195082,1,SELL,LIMIT,9961,25,GTC
2582,1700000000065223427,1,SELL,LIMIT,9964,100,GTC
2583,1700000000065271992,1,SELL,LIMIT,9949,10,GTC
2584,1700000000065291860,1,SELL,MARKET,0,50,IOC
2585,1700000000065337875,1,SELL,LIMIT,9946,5,GTC
2586,1700000000065375079,1,SELL,LIMIT,9964,5,GTC
2587,1700000000065379041,1,BUY,LIMIT,9964,10,GTC
2588,1700000000065412860,1,BUY,LIMIT,9968,1,GTC
2589,1700000000065435584,1,SELL,LIMIT,9953,5,GTC
2590,1700000000065438968,1,SELL,LIMIT,9957,10,GTC
2591,1700000000065485262,1,BUY,LIMIT,9951,10,GTC
2592,1700000000065534110,1,BUY,LIMIT,9963,5,GTC
2593,1700000000065536573,1,BUY,LIMIT,9960,25,GTC
2594,1700000000065584461,1,SELL,LIMIT,9973,1,GTC
2595,1700000000065590376,1,BUY,LIMIT,9969,5,GTC
2596,1700000000065594627,1,BUY,LIMIT,9951,25,GTC
2597,1700000000065615629,1,SELL,LIMIT,9951,25,GTC
2598,1700000000065633221,1,SELL,LIMIT,9967,20,GTC
2599,1700000000065652541,1,BUY,LIMIT,9968,100,GTC
2600,1700000000065685901,1,SELL,LIMIT,9953,20,GTC
2601,1700000000065717026,1,SELL,LIMIT,9965,50,IOC
2602,1700000000065733622,1,BUY,MARKET,0,20,IOC
2603,1700000000065768858,1,BUY,LIMIT,9958,20,GTC
2604,1700000000065802891,1,BUY,LIMIT,9952,20,GTC
2605,1700000000065841193,1,SELL,LIMIT,9944,10,GTC
2606,1700000000065868348,1,SELL,LIMIT,9944,1,GTC
2607,1700000000065869961,1,BUY,LIMIT,9960,25,GTC
2608,1700000000065878703,1,SELL,LIMIT,9974,10,GTC
2609,1700000000065895771,1,BUY,LIMIT,9970,50,GTC
2610,1700000000065913415,1,SELL,LIMIT,9973,1,GTC
2611,1700000000065946581,1,SELL,LIMIT,9966,100,GTC
2612,1700000000065973276,1,SELL,LIMIT,9968,5,GTC
2613,1700000000066021354,1,BUY,LIMIT,9947,20,GTC
2614,1700000000066041356,1,SELL,LIMIT,9962,50,GTC
2615,1700000000066089189,1,BUY,LIMIT,9963,25,GTC
2616,1700000000066095073,1,SELL,LIMIT,9944,20,GTC
2617,1700000000066105840,1,SELL,LIMIT,9950,50,GTC
2618,1700000000066118568,1,SELL,LIMIT,9949,1,GTC
2619,1700000000066138324,1,SELL,LIMIT,9951,10,GTC
2620,1700000000066163548,1,SELL,LIMIT,9938,100,GTC
2621,1700000000066178850,1,BUY,LIMIT,9946,1,GTC
2622,1700000000066197400,1,BUY,LIMIT,9961,10,GTC
2623,1700000000066242050,1,SELL,LIMIT,9957,1,GTC
2624,1700000000066258201,1,BUY,LIMIT,9960,20,GTC
2625,1700000000066293186,1,SELL,LIMIT,9962,10,GTC
2626,1700000000066302953,1,SELL,LIMIT,9940,10,GTC
2627,1700000000066350720,1,BUY,LIMIT,9959,100,GTC
2628,1700000000066367020,1,BUY,MARKET,0,10,IOC
2629,1700000000066409727,1,BUY,LIMIT,9959,50,GTC
2630,1700000000066412504,1,SELL,MARKET,0,50,IOC
2631,1700000000066434463,1,BUY,LIMIT,9969,100,GTC
2632,1700000000066435662,1,BUY,LIMIT,9972,1,GTC
2633,1700000000066474572,1,BUY,MARKET,0,1,IOC
2634,1700000000066491088,1,BUY,LIMIT,9957,1,GTC
2635,1700000000066530652,1,BUY,LIMIT,9964,20,GTC
2636,1700000000066556826,1,SELL,LIMIT,9968,10,IOC
2637,1700000000066596889,1,SELL,LIMIT,9966,20,GTC
2638,1700000000066604522,1,SELL,LIMIT,9955,20,GTC
2639,1700000000066643462,1,BUY,LIMIT,9952,1,GTC
2640,1700000000066658090,1,SELL,LIMIT,9939,10,GTC
2641,1700000000066680721,1,SELL,LIMIT,9942,25,GTC
2642,1700000000066689744,1,BUY,LIMIT,9936,20,GTC
2643,1700000000066712361,1,SELL,LIMIT,9937,1,GTC
2644,1700000000066746896,1,BUY,LIMIT,9947,1,GTC
2645,1700000000066750158,1,BUY,LIMIT,9949,1,GTC
2646,1700000000066774337,1,SELL,MARKET,0,10,IOC
2647,1700000000066800152,1,BUY,LIMIT,9960,1,GTC
2648,1700000000066807202,1,SELL,MARKET,0,10,IOC
2649,1700000000066841064,1,SELL,LIMIT,9940,50,GTC
2650,1700000000066869382,1,BUY,LIMIT,9946,100,GTC
2651,1700000000066888913,1,SELL,LIMIT,9953,20,GTC
2652,1700000000066924003,1,SELL,LIMIT,9945,1,GTC
2653,1700000000066951206,1,SELL,LIMIT,9943,10,GTC
2654,1700000000066958421,1,BUY,LIMIT,9952,1,GTC
2655,1700000000066992173,1,BUY,LIMIT,9935,1,GTC
2656,1700000000067030296,1,SELL,LIMIT,9936,20,GTC
2657,1700000000067057197,1,SELL,LIMIT,9946,10,GTC
2658,1700000000067100739,1,SELL,LIMIT,9965,50,GTC
2659,1700000000067107114,1,SELL,LIMIT,9958,100,GTC
2660,1700000000067117243,1,BUY,LIMIT,9946,10,GTC
2661,1700000000067155064,1,SELL,LIMIT,9958,20,GTC
2662,1700000000067162665,1,SELL,LIMIT,9965,10,GTC
2663,1700000000067191337,1,SELL,LIMIT,9940,10,GTC
2664,1700000000067228400,1,SELL,LIMIT,9934,1,GTC
2665,1700000000067270969,1,BUY,LIMIT,9947,1,GTC
2666,1700000000067305547,1,BUY,LIMIT,9950,10,GTC
2667,1700000000067340139,1,BUY,LIMIT,9953,10,GTC
2668,1700000000067340840,1,SELL,LIMIT,9932,20,GTC
2669,1700000000067363710,1,SELL,LIMIT,9934,50,GTC
2670,1700000000067399894,1,SELL,LIMIT,9932,25,GTC
2671,1700000000067437940,1,BUY,LIMIT,9932,50,GTC
2672,1700000000067475257,1,BUY,LIMIT,9959,1,GTC
2673,1700000000067488227,1,SELL,LIMIT,9956,10,GTC
2674,1700000000067501312,1,SELL,LIMIT,9962,20,GTC
2675,1700000000067535171,1,BUY,LIMIT,9943,20,GTC
2676,1700000000067546434,1,SELL,MARKET,0,1,IOC
2677,1700000000067586281,1,SELL,MARKET,0,50,IOC
2678,1700000000067619804,1,SELL,LIMIT,9936,50,GTC
2679,1700000000067623444,1,BUY,LIMIT,9959,1,GTC
2680,1700000000067629193,1,BUY,MARKET,0,20,IOC
2681,1700000000067633253,1,SELL,MARKET,0,25,IOC
2682,1700000000067675831,1,BUY,LIMIT,9949,100,GTC
2683,1700000000067690782,1,SELL,MARKET,0,25,IOC
2684,1700000000067720160,1,BUY,MARKET,0,100,IOC
2685,1700000000067729817,1,SELL,LIMIT,9932,100,GTC
2686,1700000000067752897,1,BUY,LIMIT,9954,10,GTC
2687,1700000000067778593,1,SELL,LIMIT,9957,100,GTC
2688,1700000000067780582,1,SELL,LIMIT,9956,20,GTC
2689,1700000000067794086,1,SELL,LIMIT,9935,10,GTC
2690,1700000000067818039,1,BUY,LIMIT,9929,25,GTC
2691,1700000000067849156,1,SELL,LIMIT,9956,5,GTC
2692,1700000000067894091,1,SELL,LIMIT,9934,10,GTC
2693,1700000000067910186,1,BUY,LIMIT,9937,50,GTC
2694,1700000000067935326,1,SELL,LIMIT,9932,25,GTC
2695,1700000000067955951,1,BUY,LIMIT,9953,20,GTC
2696,1700000000067959582,1,SELL,LIMIT,9929,25,GTC
2697,1700000000067988338,1,SELL,LIMIT,9923,5,GTC
2698,1700000000068002265,1,BUY,MARKET,0,100,IOC
2699,1700000000068033121,1,BUY,LIMIT,9938,10,GTC
2700,1700000000068034539,1,SELL,LIMIT,9930,5,GTC
2701,1700000000068041745,1,BUY,LIMIT,9943,10,GTC
2702,1700000000068090384,1,BUY,LIMIT,9943,25,GTC
2703,1700000000068106064,1,BUY,LIMIT,9952,50,GTC
2704,1700000000068142183,1,SELL,LIMIT,9939,10,GTC
2705,1700000000068191100,1,SELL,LIMIT,9948,100,GTC
2706,1700000000068217996,1,BUY,LIMIT,9952,50,GTC
2707,1700000000068251032,1,SELL,LIMIT,9952,50,GTC
2708,1700000000068275458,1,SELL,LIMIT,9960,1,GTC
2709,1700000000068287783,1,BUY,LIMIT,9940,10,GTC
2710,1700000000068332765,1,SELL,LIMIT,9941,50,GTC
2711,1700000000068368593,1,SELL,MARKET,0,25,IOC
2712,1700000000068403357,1,SELL,LIMIT,9951,5,GTC
2713,1700000000068433788,1,SELL,LIMIT,9959,50,GTC
2714,1700000000068449703,1,SELL,MARKET,0,20,IOC
2715,1700000000068460579,1,SELL,LIMIT,9969,1,GTC
2716,1700000000068463301,1,SELL,MARKET,0,25,IOC
2717,1700000000068497051,1,SELL,LIMIT,9969,20,GTC
2718,1700000000068539970,1,SELL,LIMIT,9961,5,GTC
2719,1700000000068586035,1,BUY,LIMIT,9956,1,GTC
2720,1700000000068615867,1,BUY,LIMIT,9946,50,GTC
2721,1700000000068634382,1,BUY,LIMIT,9962,100,GTC
2722,1700000000068667315,1,SELL,LIMIT,9943,100,GTC
2723,1700000000068700963,1,SELL,LIMIT,9946,50,GTC
2724,1700000000068733831,1,SELL,LIMIT,9968,10,GTC
2725,1700000000068760453,1,BUY,LIMIT,9954,1,GTC
2726,1700000000068762912,1,BUY,LIMIT,9953,20,GTC
2727,1700000000068808344,1,SELL,LIMIT,9960,25,GTC
2728,1700000000068819848,1,SELL,MARKET,0,5,IOC
2729,1700000000068837932,1,SELL,LIMIT,9970,25,GTC
2730,1700000000068847630,1,BUY,LIMIT,9960,10,GTC
2731,1700000000068892925,1,SELL,LIMIT,9950,10,GTC
2732,1700000000068906176,1,SELL,LIMIT,9971,10,GTC
2733,1700000000068917451,1,SELL,LIMIT,9976,50,GTC
2734,1700000000068965295,1,BUY,LIMIT,9956,25,GTC
2735,1700000000068992248,1,BUY,LIMIT,9958,10,GTC
2736,1700000000068999447,1,BUY,LIMIT,9957,25,GTC
2737,1700000000069024144,1,SELL,LIMIT,9948,50,GTC
2738,1700000000069061257,1,BUY,LIMIT,9960,50,GTC
2739,1700000000069078908,1,BUY,LIMIT,9958,20,GTC
2740,1700000000069086826,1,BUY,LIMIT,9960,5,GTC
2741,1700000000069125466,1,SELL,LIMIT,9947,25,GTC
2742,1700000000069139740,1,BUY,MARKET,0,25,IOC
2743,1700000000069153497,1,BUY,LIMIT,9953,25,GTC
2744,1700000000069185182,1,BUY,LIMIT,9955,50,GTC
2745,1700000000069206477,1,SELL,LIMIT,9945,100,GTC
2746,1700000000069225555,1,BUY,LIMIT,9965,5,GTC
2747,1700000000069237676,1,SELL,MARKET,0,25,IOC
2748,1700000000069274973,1,BUY,LIMIT,9941,100,GTC
2749,1700000000069299130,1,SELL,LIMIT,9959,20,GTC
2750,1700000000069325988,1,BUY,LIMIT,9950,25,GTC
2751,1700000000069353756,1,SELL,LIMIT,9948,50,GTC
2752,1700000000069389574,1,SELL,LIMIT,9946,100,GTC
2753,1700000000069423511,1,BUY,LIMIT,9932,25,GTC
2754,1700000000069472041,1,SELL,LIMIT,9935,25,GTC
2755,1700000000069484191,1,BUY,LIMIT,9955,20,GTC
2756,1700000000069530119,1,BUY,LIMIT,9958,5,GTC
2757,1700000000069533201,1,SELL,MARKET,0,1,IOC
2758,1700000000069538468,1,BUY,LIMIT,9946,10,GTC
2759,1700000000069560331,1,BUY,LIMIT,9952,5,GTC
2760,1700000000069595026,1,BUY,LIMIT,9937,1,GTC
2761,1700000000069614132,1,SELL,LIMIT,9948,5,GTC
2762,1700000000069624073,1,BUY,LIMIT,9943,100,GTC
2763,1700000000069666340,1,SELL,LIMIT,9953,100,GTC
2764,1700000000069675342,1,BUY,LIMIT,9947,1,GTC
2765,1700000000069694710,1,SELL,LIMIT,9948,25,GTC
2766,1700000000069706539,1,SELL,MARKET,0,10,IOC
2767,1700000000069715315,1,SELL,LIMIT,9949,5,GTC
2768,1700000000069756713,1,SELL,LIMIT,9944,20,IOC
2769,1700000000069784434,1,BUY,LIMIT,9949,10,GTC
2770,1700000000069819832,1,BUY,LIMIT,9937,1,GTC
2771,1700000000069831928,1,SELL,LIMIT,9940,100,GTC
2772,1700000000069869261,1,BUY,LIMIT,9935,25,GTC
2773,1700000000069891088,1,BUY,LIMIT,9927,1,GTC
2774,1700000000069916649,1,SELL,LIMIT,9945,100,GTC
2775,1700000000069964222,1,SELL,LIMIT,9935,10,GTC
2776,1700000000069977719,1,SELL,LIMIT,9928,10,GTC
2777,1700000000069980137,1,SELL,LIMIT,9952,10,GTC
2778,1700000000070029198,1,BUY,LIMIT,9952,10,GTC
2779,1700000000070072771,1,SELL,LIMIT,9945,25,GTC
2780,1700000000070088767,1,SELL,LIMIT,9932,10,GTC
2781,1700000000070110251,1,BUY,LIMIT,9953,10,GTC
2782,1700000000070159058,1,SELL,LIMIT,9927,100,GTC
2783,1700000000070160839,1,SELL,LIMIT,9951,10,GTC
2784,1700000000070201395,1,BUY,LIMIT,9945,100,GTC
2785,1700000000070202071,1,SELL,LIMIT,9943,100,GTC
2786,1700000000070246265,1,SELL,LIMIT,9932,10,GTC
2787,1700000000070278899,1,BUY,LIMIT,9943,10,GTC
2788,1700000000070287962,1,SELL,LIMIT,9948,10,GTC
2789,1700000000070314488,1,BUY,LIMIT,9931,25,GTC
2790,1700000000070317902,1,SELL,LIMIT,9947,1,GTC
2791,1700000000070352390,1,SELL,LIMIT,9954,100,GTC
2792,1700000000070396625,1,SELL,LIMIT,9941,25,GTC
2793,1700000000070446316,1,BUY,LIMIT,9948,1,GTC
2794,1700000000070462301,1,SELL,LIMIT,9940,20,IOC
2795,1700000000070469975,1,SELL,LIMIT,9961,25,GTC
2796,1700000000070471971,1,BUY,LIMIT,9939,5,GTC
2797,1700000000070515987,1,BUY,LIMIT,9961,25,GTC
2798,1700000000070520202,1,BUY,LIMIT,9942,10,GTC
2799,1700000000070526118,1,SELL,LIMIT,9953,100,GTC
2800,1700000000070552689,1,SELL,LIMIT,9952,10,GTC
2801,1700000000070598198,1,SELL,LIMIT,9933,5,GTC
2802,1700000000070606245,1,SELL,LIMIT,9956,1,GTC
2803,1700000000070613593,1,SELL,LIMIT,9936,50,GTC
2804,1700000000070643354,1,SELL,MARKET,0,1,IOC
2805,1700000000070660151,1,SELL,LIMIT,9958,100,GTC
2806,1700000000070688926,1,SELL,LIMIT,9933,10,IOC
2807,1700000000070723569,1,BUY,LIMIT,9948,20,GTC
2808,1700000000070725557,1,BUY,LIMIT,9929,20,GTC
2809,1700000000070726629,1,SELL,LIMIT,9943,25,GTC
2810,1700000000070735570,1,SELL,LIMIT,9932,50,GTC
2811,1700000000070783359,1,SELL,LIMIT,9947,25,GTC
2812,1700000000070797924,1,SELL,MARKET,0,1,IOC
2813,1700000000070799543,1,SELL,LIMIT,9931,100,GTC
2814,1700000000070827821,1,BUY,LIMIT,9933,10,GTC
2815,1700000000070842215,1,SELL,LIMIT,9941,10,GTC
2816,1700000000070844395,1,BUY,LIMIT,9960,10,GTC
2817,1700000000070876307,1,SELL,LIMIT,9943,10,GTC
2818,1700000000070905846,1,SELL,LIMIT,9933,1,GTC
2819,1700000000070933369,1,SELL,LIMIT,9943,1,GTC
2820,1700000000070956307,1,BUY,LIMIT,9944,5,GTC
2821,1700000000070971345,1,BUY,LIMIT,9953,1,GTC
2822,1700000000071012224,1,SELL,LIMIT,9936,1,GTC
2823,1700000000071036878,1,SELL,LIMIT,9943,100,GTC
2824,1700000000071061755,1,SELL,LIMIT,9930,25,GTC
2825,1700000000071071224,1,BUY,LIMIT,9934,5,GTC
2826,1700000000071079490,1,SELL,LIMIT,9930,1,GTC
2827,1700000000071116286,1,SELL,LIMIT,9939,50,IOC
2828,1700000000071127394,1,BUY,LIMIT,9955,100,GTC
2829,1700000000071157238,1,SELL,LIMIT,9947,25,GTC
2830,1700000000071180198,1,BUY,MARKET,0,5,IOC
2831,1700000000071187360,1,BUY,LIMIT,9946,100,IOC
2832,1700000000071206716,1,BUY,LIMIT,9938,1,GTC
2833,1700000000071218683,1,SELL,LIMIT,9942,50,GTC
2834,1700000000071231092,1,SELL,MARKET,0,50,IOC
2835,1700000000071270661,1,SELL,LIMIT,9934,50,GTC
2836,1700000000071315138,1,BUY,LIMIT,9939,10,IOC
2837,1700000000071332298,1,SELL,LIMIT,9937,100,GTC
2838,1700000000071371146,1,BUY,LIMIT,9954,25,GTC
2839,1700000000071373748,1,SELL,LIMIT,9947,1,GTC
2840,1700000000071415328,1,SELL,LIMIT,9935,25,GTC
2841,1700000000071419142,1,BUY,MARKET,0,5,IOC
2842,1700000000071420929,1,SELL,LIMIT,9926,1,GTC
2843,1700000000071468280,1,SELL,LIMIT,9942,5,GTC
2844,1700000000071489426,1,SELL,LIMIT,9946,1,GTC
2845,1700000000071506671,1,SELL,LIMIT,9934,1,GTC
2846,1700000000071549545,1,SELL,MARKET,0,20,IOC
2847,1700000000071591914,1,SELL,LIMIT,9957,100,GTC
2848,1700000000071619583,1,SELL,LIMIT,9944,5,GTC
2849,1700000000071626608,1,SELL,LIMIT,9929,50,GTC
2850,1700000000071643376,1,BUY,LIMIT,9925,20,GTC
2851,1700000000071682074,1,SELL,LIMIT,9935,20,GTC
2852,1700000000071729202,1,SELL,LIMIT,9937,5,GTC
2853,1700000000071731426,1,SELL,LIMIT,9939,10,GTC
2854,1700000000071738852,1,BUY,LIMIT,9950,10,GTC
2855,1700000000071780693,1,BUY,LIMIT,9942,1,GTC
2856,1700000000071796607,1,SELL,LIMIT,9951,5,GTC
2857,1700000000071806714,1,SELL,LIMIT,9941,100,GTC
2858,1700000000071850565,1,BUY,LIMIT,9920,20,GTC
2859,1700000000071868106,1,BUY,LIMIT,9923,50,GTC
2860,1700000000071902812,1,SELL,LIMIT,9923,25,GTC
2861,1700000000071931994,1,SELL,LIMIT,9935,25,GTC
2862,1700000000071949500,1,SELL,MARKET,0,1,IOC
2863,1700000000071962380,1,BUY,LIMIT,9934,10,GTC
2864,1700000000071973223,1,SELL,LIMIT,9931,5,GTC
2865,1700000000072013038,1,SELL,LIMIT,9938,10,GTC
2866,1700000000072051456,1,BUY,LIMIT,9926,50,GTC
2867,1700000000072090546,1,SELL,LIMIT,9944,1,GTC
2868,1700000000072098418,1,BUY,LIMIT,9951,50,GTC
2869,1700000000072130867,1,BUY,LIMIT,9939,10,GTC
2870,1700000000072178740,1,SELL,LIMIT,9938,25,GTC
2871,1700000000072191149,1,BUY,LIMIT,9935,50,GTC
2872,1700000000072231614,1,SELL,LIMIT,9949,20,GTC
2873,1700000000072233793,1,BUY,LIMIT,9928,50,GTC
2874,1700000000072271047,1,BUY,LIMIT,9921,10,GTC
2875,1700000000072312855,1,BUY,LIMIT,9947,10,GTC
2876,1700000000072330782,1,BUY,LIMIT,9918,10,GTC
2877,1700000000072340290,1,BUY,LIMIT,9926,50,GTC
2878,1700000000072368637,1,BUY,LIMIT,9942,5,GTC
2879,1700000000072373977,1,SELL,MARKET,0,20,IOC
2880,1700000000072397922,1,SELL,LIMIT,9941,10,GTC
2881,1700000000072445262,1,SELL,LIMIT,9941,10,GTC
2882,1700000000072468157,1,BUY,LIMIT,9938,1,GTC
2883,1700000000072489708,1,SELL,MARKET,0,20,IOC
2884,1700000000072501059,1,SELL,LIMIT,9938,1,GTC
2885,1700000000072509722,1,SELL,LIMIT,9922,20,GTC
2886,1700000000072528152,1,BUY,LIMIT,9915,20,GTC
2887,1700000000072577641,1,SELL,LIMIT,9938,100,GTC
2888,1700000000072613969,1,SELL,LIMIT,9916,1,GTC
2889,1700000000072620819,1,SELL,LIMIT,9936,10,GTC
2890,1700000000072636161,1,BUY,LIMIT,9924,5,GTC
2891,1700000000072672438,1,BUY,LIMIT,9923,20,GTC
2892,1700000000072718582,1,SELL,LIMIT,9936,50,GTC
2893,1700000000072764215,1,SELL,LIMIT,9928,20,GTC
2894,1700000000072771966,1,BUY,LIMIT,9923,1,GTC
2895,1700000000072796145,1,SELL,LIMIT,9933,100,GTC
2896,1700000000072801257,1,SELL,LIMIT,9932,5,IOC
2897,1700000000072815332,1,BUY,LIMIT,9911,50,GTC
2898,1700000000072849561,1,BUY,LIMIT,9932,5,GTC
2899,1700000000072853282,1,BUY,LIMIT,9912,1,GTC
2900,1700000000072888539,1,SELL,LIMIT,9917,20,GTC
2901,1700000000072913617,1,BUY,MARKET,0,50,IOC
2902,1700000000072942385,1,SELL,LIMIT,9934,50,GTC
2903,1700000000072963249,1,BUY,LIMIT,9924,1,GTC
2904,1700000000073001183,1,BUY,LIMIT,9934,1,GTC
2905,1700000000073034871,1,SELL,LIMIT,9920,10,GTC
2906,1700000000073052285,1,SELL,LIMIT,9920,25,GTC
2907,1700000000073080227,1,BUY,LIMIT,9920,10,GTC
2908,1700000000073122186,1,SELL,MARKET,0,50,IOC
2909,1700000000073133189,1,SELL,LIMIT,9943,50,GTC
2910,1700000000073161750,1,BUY,LIMIT,9926,100,GTC
2911,1700000000073202441,1,SELL,LIMIT,9929,25,GTC
2912,1700000000073208989,1,BUY,LIMIT,9919,5,GTC
2913,1700000000073213419,1,SELL,LIMIT,9939,50,GTC
2914,1700000000073245454,1,SELL,LIMIT,9910,50,GTC
2915,1700000000073283823,1,BUY,LIMIT,9918,10,GTC
2916,1700000000073302227,1,SELL,LIMIT,9942,1,GTC
2917,1700000000073344577,1,BUY,LIMIT,9938,10,GTC
2918,1700000000073358439,1,BUY,LIMIT,9919,1,GTC
2919,1700000000073387124,1,BUY,LIMIT,9945,10,GTC
2920,1700000000073417849,1,SELL,LIMIT,9943,1,GTC
2921,1700000000073452038,1,BUY,LIMIT,9922,20,GTC
2922,1700000000073485532,1,BUY,LIMIT,9932,10,GTC
2923,1700000000073489121,1,SELL,LIMIT,9938,20,GTC
2924,1700000000073532364,1,SELL,LIMIT,9920,20,GTC
2925,1700000000073540164,1,BUY,LIMIT,9917,5,GTC
2926,1700000000073575874,1,SELL,LIMIT,9931,20,GTC
2927,1700000000073605914,1,SELL,LIMIT,9925,5,GTC
2928,1700000000073648688,1,SELL,LIMIT,9916,20,GTC
2929,1700000000073694085,1,SELL,LIMIT,9917,50,IOC
2930,1700000000073698993,1,SELL,LIMIT,9921,1,GTC
2931,1700000000073746335,1,SELL,LIMIT,9937,25,IOC
2932,1700000000073793967,1,BUY,LIMIT,9938,25,GTC
2933,1700000000073809508,1,SELL,LIMIT,9933,25,GTC
2934,1700000000073843739,1,BUY,LIMIT,9940,5,GTC
2935,1700000000073872090,1,SELL,LIMIT,9925,5,GTC
2936,1700000000073889737,1,SELL,LIMIT,9917,25,GTC
2937,1700000000073935354,1,BUY,LIMIT,9914,25,GTC
2938,1700000000073936874,1,BUY,LIMIT,9919,5,GTC
2939,1700000000073953163,1,SELL,LIMIT,9932,25,GTC
2940,1700000000073988978,1,SELL,LIMIT,9923,20,GTC
2941,1700000000074034737,1,BUY,LIMIT,9929,10,GTC
2942,1700000000074066651,1,BUY,LIMIT,9922,10,GTC
2943,1700000000074069538,1,BUY,LIMIT,9913,10,GTC
2944,1700000000074116599,1,BUY,LIMIT,9931,50,GTC
2945,1700000000074155922,1,BUY,LIMIT,9917,10,GTC
2946,1700000000074163809,1,BUY,LIMIT,9929,10,GTC
2947,1700000000074201440,1,SELL,LIMIT,9925,10,GTC
2948,1700000000074212935,1,SELL,LIMIT,9927,10,GTC
2949,1700000000074213573,1,BUY,LIMIT,9909,10,GTC
2950,1700000000074217042,1,BUY,LIMIT,9920,5,GTC
2951,1700000000074264391,1,SELL,LIMIT,9924,100,GTC
2952,1700000000074290038,1,BUY,LIMIT,9929,25,GTC
2953,1700000000074326781,1,BUY,MARKET,0,10,IOC
2954,1700000000074358907,1,SELL,LIMIT,9925,1,GTC
2955,1700000000074372185,1,BUY,LIMIT,9931,10,GTC
2956,1700000000074374970,1,BUY,LIMIT,9921,5,GTC
2957,1700000000074387422,1,BUY,LIMIT,9900,50,GTC
2958,1700000000074416596,1,BUY,LIMIT,9927,50,GTC
2959,1700000000074445663,1,BUY,MARKET,0,1,IOC
2960,1700000000074447017,1,SELL,LIMIT,9913,5,GTC
2961,1700000000074493659,1,BUY,LIMIT,9929,5,GTC
2962,1700000000074529656,1,SELL,LIMIT,9914,100,IOC
2963,1700000000074570697,1,BUY,LIMIT,9933,20,GTC
2964,1700000000074599370,1,BUY,LIMIT,9915,10,GTC
2965,1700000000074610310,1,SELL,LIMIT,9908,50,GTC
2966,1700000000074647381,1,SELL,LIMIT,9920,50,GTC
2967,1700000000074688144,1,SELL,LIMIT,9908,100,GTC
2968,1700000000074718366,1,BUY,LIMIT,9920,25,GTC
2969,1700000000074727156,1,BUY,LIMIT,9917,10,IOC
2970,1700000000074757445,1,SELL,LIMIT,9930,25,GTC
2971,1700000000074782857,1,SELL,LIMIT,9922,10,GTC
2972,1700000000074820819,1,BUY,MARKET,0,1,IOC
2973,1700000000074854774,1,SELL,LIMIT,9926,25,GTC
2974,1700000000074899246,1,SELL,LIMIT,9915,5,GTC
2975,1700000000074906074,1,BUY,LIMIT,9921,5,GTC
2976,1700000000074946456,1,SELL,LIMIT,9920,5,GTC
2977,1700000000074956190,1,SELL,LIMIT,9918,10,GTC
2978,1700000000075003032,1,SELL,LIMIT,9924,1,GTC
2979,1700000000075048163,1,SELL,LIMIT,9934,25,GTC
2980,1700000000075048852,1,BUY,LIMIT,9905,10,GTC
2981,1700000000075095902,1,SELL,LIMIT,9934,1,GTC
2982,1700000000075142547,1,BUY,LIMIT,9910,10,GTC
2983,1700000000075161295,1,BUY,LIMIT,9921,10,GTC
2984,1700000000075209054,1,SELL,LIMIT,9926,25,GTC
2985,1700000000075243643,1,BUY,MARKET,0,100,IOC
2986,1700000000075291137,1,SELL,LIMIT,9920,20,GTC
2987,1700000000075292046,1,BUY,LIMIT,9928,25,GTC
2988,1700000000075298540,1,BUY,LIMIT,9945,1,GTC
2989,1700000000075306197,1,SELL,LIMIT,9931,100,GTC
2990,1700000000075355447,1,SELL,LIMIT,9928,1,GTC
2991,1700000000075369028,1,BUY,LIMIT,9939,10,GTC
2992,1700000000075408433,1,BUY,MARKET,0,50,IOC
2993,1700000000075425738,1,SELL,MARKET,0,100,IOC
2994,1700000000075463054,1,SELL,LIMIT,9940,20,GTC
2995,1700000000075490633,1,BUY,LIMIT,9939,100,GTC
2996,1700000000075530138,1,SELL,LIMIT,9942,10,GTC
2997,1700000000075571559,1,BUY,LIMIT,9917,5,GTC
2998,1700000000075607344,1,SELL,LIMIT,9932,20,GTC
2999,1700000000075629620,1,BUY,LIMIT,9938,20,GTC
3000,1700000000075674986,1,BUY,LIMIT,9932,10,GTC
3001,1700000000075704180,1,BUY,LIMIT,9915,25,GTC
3002,1700000000075732249,1,SELL,LIMIT,9915,10,GTC
3003,1700000000075762096,1,BUY,LIMIT,9926,50,GTC
3004,1700000000075798112,1,SELL,LIMIT,9929,20,GTC
3005,1700000000075823687,1,BUY,LIMIT,9913,10,GTC
3006,1700000000075859589,1,SELL,LIMIT,9920,10,GTC
3007,1700000000075878222,1,BUY,MARKET,0,100,IOC
3008,1700000000075902591,1,BUY,LIMIT,9929,5,GTC
3009,1700000000075938535,1,BUY,LIMIT,9933,1,GTC
3010,1700000000075986916,1,SELL,LIMIT,9910,20,GTC
3011,1700000000075993977,1,SELL,LIMIT,9934,5,GTC
3012,1700000000076003804,1,SELL,LIMIT,9909,1,GTC
3013,1700000000076049310,1,SELL,LIMIT,9919,1,GTC
3014,1700000000076065132,1,BUY,LIMIT,9919,25,GTC
3015,1700000000076065674,1,SELL,LIMIT,9928,10,GTC
3016,1700000000076070074,1,SELL,LIMIT,9931,25,GTC
3017,1700000000076075747,1,BUY,LIMIT,9925,1,GTC
3018,1700000000076119151,1,BUY,LIMIT,9922,25,GTC
3019,1700000000076121747,1,SELL,LIMIT,9921,25,GTC
3020,1700000000076168396,1,BUY,LIMIT,9916,100,GTC
3021,1700000000076215314,1,SELL,LIMIT,9916,25,IOC
3022,1700000000076218969,1,SELL,LIMIT,9901,5,GTC
3023,1700000000076266744,1,SELL,LIMIT,9919,20,GTC
3024,1700000000076275505,1,BUY,LIMIT,9898,25,IOC
3025,1700000000076280226,1,SELL,LIMIT,9908,20,GTC
3026,1700000000076323582,1,SELL,LIMIT,9918,10,GTC
3027,1700000000076346764,1,SELL,LIMIT,9893,25,GTC
3028,1700000000076350259,1,SELL,LIMIT,9912,10,GTC
3029,1700000000076382668,1,BUY,MARKET,0,50,IOC
3030,1700000000076409237,1,SELL,MARKET,0,1,IOC
3031,1700000000076445567,1,BUY,LIMIT,9918,5,GTC
3032,1700000000076477457,1,SELL,LIMIT,9893,10,GTC
3033,1700000000076521355,1,BUY,LIMIT,9915,10,GTC
3034,1700000000076536602,1,SELL,LIMIT,9909,25,GTC
3035,1700000000076559002,1,BUY,LIMIT,9900,10,GTC
3036,1700000000076591826,1,BUY,LIMIT,9898,5,GTC
3037,1700000000076611060,1,SELL,LIMIT,9889,10,GTC
3038,1700000000076654911,1,BUY,LIMIT,9900,10,GTC
3039,1700000000076661653,1,SELL,LIMIT,9908,25,GTC
3040,1700000000076706505,1,BUY,LIMIT,9898,50,IOC
3041,1700000000076740456,1,BUY,MARKET,0,50,IOC
3042,1700000000076766684,1,BUY,LIMIT,9904,50,GTC
3043,1700000000076797103,1,BUY,LIMIT,9905,25,IOC
3044,1700000000076818789,1,SELL,LIMIT,9892,100,GTC
3045,1700000000076839715,1,SELL,LIMIT,9883,50,GTC
3046,1700000000076840770,1,BUY,LIMIT,9902,10,GTC
3047,1700000000076871543,1,BUY,LIMIT,9894,20,GTC
3048,1700000000076879549,1,SELL,LIMIT,9882,100,IOC
3049,1700000000076891906,1,SELL,LIMIT,9882,1,GTC
3050,1700000000076896831,1,BUY,LIMIT,9876,10,GTC
3051,1700000000076944699,1,SELL,LIMIT,9875,100,GTC
3052,1700000000076978172,1,SELL,LIMIT,9882,5,GTC
3053,1700000000077015960,1,BUY,LIMIT,9886,25,GTC
3054,1700000000077041476,1,BUY,LIMIT,9876,5,GTC
3055,1700000000077057464,1,SELL,LIMIT,9896,25,GTC
3056,1700000000077093844,1,SELL,LIMIT,9891,5,GTC
3057,1700000000077127706,1,SELL,LIMIT,9901,10,GTC
3058,1700000000077161885,1,BUY,LIMIT,9898,5,GTC
3059,1700000000077198508,1,BUY,LIMIT,9874,10,IOC
3060,1700000000077207873,1,SELL,LIMIT,9887,10,GTC
3061,1700000000077226554,1,SELL,MARKET,0,5,IOC
3062,1700000000077231381,1,BUY,LIMIT,9874,5,GTC
3063,1700000000077277828,1,SELL,LIMIT,9886,10,GTC
3064,1700000000077319880,1,SELL,LIMIT,9888,1,IOC
3065,1700000000077328978,1,SELL,LIMIT,9885,10,GTC
3066,1700000000077345449,1,SELL,LIMIT,9888,5,GTC
3067,1700000000077378935,1,SELL,MARKET,0,10,IOC
3068,1700000000077379624,1,BUY,LIMIT,9870,10,GTC
3069,1700000000077408957,1,SELL,MARKET,0,10,IOC
3070,1700000000077418109,1,BUY,LIMIT,9877,10,GTC
3071,1700000000077457813,1,BUY,MARKET,0,10,IOC
3072,1700000000077489093,1,BUY,LIMIT,9880,5,GTC
3073,1700000000077497413,1,BUY,LIMIT,9885,10,GTC
3074,1700000000077502296,1,BUY,LIMIT,9891,20,GTC
3075,1700000000077510563,1,BUY,LIMIT,9880,10,GTC
3076,1700000000077538436,1,BUY,LIMIT,9873,25,GTC
3077,1700000000077564047,1,SELL,LIMIT,9895,1,GTC
3078,1700000000077588274,1,SELL,LIMIT,9865,50,GTC
3079,1700000000077608467,1,BUY,LIMIT,9886,20,GTC
3080,1700000000077648593,1,BUY,LIMIT,9876,20,GTC
3081,1700000000077691509,1,BUY,LIMIT,9880,20,GTC
3082,1700000000077700836,1,BUY,LIMIT,9872,50,GTC
3083,1700000000077715520,1,SELL,LIMIT,9877,20,GTC
3084,1700000000077733488,1,BUY,LIMIT,9897,25,GTC
3085,1700000000077768971,1,BUY,LIMIT,9900,1,GTC
3086,1700000000077817961,1,BUY,LIMIT,9905,5,GTC
3087,1700000000077861584,1,SELL,LIMIT,9883,5,GTC
3088,1700000000077877774,1,SELL,LIMIT,9884,25,GTC
3089,1700000000077902236,1,SELL,LIMIT,9884,10,GTC
3090,1700000000077905012,1,BUY,LIMIT,9884,10,GTC
3091,1700000000077949320,1,SELL,MARKET,0,25,IOC
3092,1700000000077974054,1,BUY,MARKET,0,20,IOC
3093,1700000000078007281,1,BUY,LIMIT,9913,20,GTC
3094,1700000000078055081,1,SELL,LIMIT,9905,20,GTC
3095,1700000000078071304,1,SELL,LIMIT,9896,25,GTC
3096,1700000000078119522,1,BUY,LIMIT,9913,50,GTC
3097,1700000000078138395,1,SELL,LIMIT,9912,10,GTC
3098,1700000000078176426,1,BUY,LIMIT,9896,1,IOC
3099,1700000000078199319,1,SELL,LIMIT,9913,5,GTC
3100,1700000000078237549,1,SELL,LIMIT,9892,25,GTC
3101,1700000000078238936,1,BUY,LIMIT,9887,10,GTC
3102,1700000000078256848,1,SELL,LIMIT,9889,5,GTC
3103,1700000000078299989,1,BUY,LIMIT,9889,20,GTC
3104,1700000000078308113,1,SELL,LIMIT,9909,50,GTC
3105,1700000000078338288,1,SELL,LIMIT,9886,1,GTC
3106,1700000000078340753,1,BUY,LIMIT,9895,1,GTC
3107,1700000000078352198,1,SELL,LIMIT,9897,25,GTC
3108,1700000000078358752,1,SELL,MARKET,0,100,IOC
3109,1700000000078407691,1,BUY,LIMIT,9892,20,GTC
3110,1700000000078452773,1,BUY,LIMIT,9904,20,GTC
3111,1700000000078495747,1,SELL,LIMIT,9884,10,GTC
3112,1700000000078510832,1,SELL,LIMIT,9897,10,GTC
3113,1700000000078537987,1,BUY,LIMIT,9897,25,GTC
3114,1700000000078542546,1,BUY,MARKET,0,20,IOC
3115,1700000000078571837,1,SELL,LIMIT,9904,10,GTC
3116,1700000000078574720,1,BUY,LIMIT,9896,1,GTC
3117,1700000000078579526,1,SELL,LIMIT,9903,10,GTC
3118,1700000000078607906,1,BUY,LIMIT,9908,5,GTC
3119,1700000000078622667,1,SELL,LIMIT,9896,5,GTC
3120,1700000000078625466,1,BUY,LIMIT,9903,10,GTC
3121,1700000000078659920,1,BUY,LIMIT,9890,10,GTC
3122,1700000000078698143,1,BUY,LIMIT,9882,10,GTC
3123,1700000000078738971,1,SELL,LIMIT,9891,25,GTC
3124,1700000000078749193,1,SELL,LIMIT,9904,10,GTC
3125,1700000000078783916,1,BUY,LIMIT,9907,10,GTC
3126,1700000000078815459,1,SELL,MARKET,0,25,IOC
3127,1700000000078830737,1,SELL,LIMIT,9910,25,GTC
3128,1700000000078862008,1,BUY,LIMIT,9898,1,GTC
3129,1700000000078865493,1,BUY,MARKET,0,100,IOC
3130,1700000000078879093,1,BUY,LIMIT,9908,10,GTC
3131,1700000000078889814,1,BUY,MARKET,0,5,IOC
3132,1700000000078926901,1,BUY,LIMIT,9913,10,GTC
3133,1700000000078971062,1,SELL,LIMIT,9907,100,GTC
3134,1700000000078997942,1,SELL,LIMIT,9910,20,GTC
3135,1700000000079012643,1,BUY,LIMIT,9896,10,GTC
3136,1700000000079054741,1,SELL,LIMIT,9895,1,GTC
3137,1700000000079102253,1,SELL,LIMIT,9891,10,GTC
3138,1700000000079129296,1,SELL,LIMIT,9917,25,GTC
3139,1700000000079143628,1,BUY,LIMIT,9906,25,GTC
3140,1700000000079160160,1,SELL,LIMIT,9893,100,GTC
3141,1700000000079178733,1,SELL,LIMIT,9884,100,GTC
3142,1700000000079194248,1,SELL,MARKET,0,25,IOC
3143,1700000000079204479,1,SELL,LIMIT,9886,25,GTC
3144,1700000000079216416,1,SELL,MARKET,0,50,IOC
3145,1700000000079254331,1,SELL,LIMIT,9889,10,GTC
3146,1700000000079286035,1,SELL,LIMIT,9895,20,GTC
3147,1700000000079310671,1,BUY,LIMIT,9882,5,GTC
3148,1700000000079332794,1,BUY,LIMIT,9879,25,GTC
3149,1700000000079372119,1,BUY,LIMIT,9898,50,GTC
3150,1700000000079376564,1,SELL,LIMIT,9890,10,GTC
3151,1700000000079387438,1,SELL,LIMIT,9875,50,GTC
3152,1700000000079435711,1,BUY,LIMIT,9897,10,GTC
3153,1700000000079485487,1,BUY,LIMIT,9909,10,GTC
3154,1700000000079512593,1,BUY,LIMIT,9893,100,GTC
3155,1700000000079545241,1,SELL,LIMIT,9884,50,GTC
3156,1700000000079588472,1,BUY,LIMIT,9902,100,GTC
3157,1700000000079634549,1,SELL,MARKET,0,25,IOC
3158,1700000000079658144,1,SELL,LIMIT,9894,50,GTC
3159,1700000000079671948,1,SELL,LIMIT,9907,20,GTC
3160,1700000000079674471,1,SELL,LIMIT,9886,10,GTC
3161,1700000000079683142,1,SELL,LIMIT,9895,10,GTC
3162,1700000000079706520,1,BUY,LIMIT,9875,1,GTC
3163,1700000000079725638,1,SELL,LIMIT,9882,100,GTC
3164,1700000000079753719,1,BUY,MARKET,0,10,IOC
3165,1700000000079786751,1,BUY,LIMIT,9891,50,GTC
3166,1700000000079814762,1,BUY,LIMIT,9888,5,GTC
3167,1700000000079832100,1,BUY,LIMIT,9890,1,GTC
3168,1700000000079855734,1,BUY,MARKET,0,10,IOC
3169,1700000000079874085,1,SELL,LIMIT,9880,50,GTC
3170,1700000000079916199,1,BUY,LIMIT,9894,5,GTC
3171,1700000000079930192,1,SELL,LIMIT,9903,25,GTC
3172,1700000000079953614,1,SELL,LIMIT,9901,25,IOC
3173,1700000000079973755,1,BUY,LIMIT,9888,50,GTC
3174,1700000000080014344,1,SELL,LIMIT,9892,25,GTC
3175,1700000000080036497,1,BUY,LIMIT,9894,20,GTC
3176,1700000000080057142,1,BUY,LIMIT,9905,10,GTC
3177,1700000000080097749,1,BUY,MARKET,0,20,IOC
3178,1700000000080144496,1,BUY,LIMIT,9893,10,GTC
3179,1700000000080171860,1,BUY,LIMIT,9887,20,GTC
3180,1700000000080181935,1,BUY,LIMIT,9903,10,GTC
3181,1700000000080229853,1,BUY,LIMIT,9888,100,GTC
3182,1700000000080236890,1,SELL,LIMIT,9890,20,GTC
3183,1700000000080245849,1,BUY,LIMIT,9899,100,GTC
3184,1700000000080267767,1,SELL,LIMIT,9883,100,GTC
3185,1700000000080292550,1,SELL,LIMIT,9873,50,GTC
3186,1700000000080309069,1,BUY,LIMIT,9893,1,GTC
3187,1700000000080313769,1,BUY,LIMIT,9876,50,GTC
3188,1700000000080362588,1,SELL,LIMIT,9862,10,GTC
3189,1700000000080384932,1,BUY,LIMIT,9867,100,GTC
3190,1700000000080407109,1,BUY,LIMIT,9889,10,GTC
3191,1700000000080412778,1,BUY,LIMIT,9883,50,GTC
3192,1700000000080425674,1,SELL,LIMIT,9877,20,GTC
3193,1700000000080461697,1,SELL,LIMIT,9875,10,GTC
3194,1700000000080488896,1,BUY,LIMIT,9878,10,GTC
3195,1700000000080509713,1,SELL,LIMIT,9868,10,GTC
3196,1700000000080529956,1,BUY,LIMIT,9873,1,GTC
3197,1700000000080565863,1,SELL,LIMIT,9878,50,GTC
3198,1700000000080612943,1,BUY,LIMIT,9896,25,GTC
3199,1700000000080623469,1,SELL,LIMIT,9878,1,GTC
3200,1700000000080628190,1,SELL,LIMIT,9888,20,GTC
3201,1700000000080632520,1,BUY,LIMIT,9882,25,GTC
3202,1700000000080643726,1,BUY,LIMIT,9897,1,GTC
3203,1700000000080656099,1,SELL,LIMIT,9877,25,GTC
3204,1700000000080669638,1,SELL,LIMIT,9893,10,GTC
3205,1700000000080679070,1,BUY,LIMIT,9886,1,GTC
3206,1700000000080694625,1,BUY,LIMIT,9867,1,GTC
3207,1700000000080739055,1,BUY,LIMIT,9875,5,GTC
3208,1700000000080748860,1,SELL,LIMIT,9887,50,IOC
3209,1700000000080798406,1,BUY,LIMIT,9888,10,GTC
3210,1700000000080814033,1,BUY,LIMIT,9867,10,GTC
3211,1700000000080816436,1,SELL,LIMIT,9889,10,GTC
3212,1700000000080852337,1,BUY,LIMIT,9886,10,GTC
3213,1700000000080858792,1,BUY,LIMIT,9885,1,GTC
3214,1700000000080862707,1,SELL,LIMIT,9881,20,GTC
3215,1700000000080906497,1,BUY,LIMIT,9882,20,GTC
3216,1700000000080949083,1,BUY,LIMIT,9863,100,GTC
3217,1700000000080966865,1,SELL,LIMIT,9870,10,GTC
3218,1700000000080977463,1,BUY,LIMIT,9866,100,GTC
3219,1700000000080989751,1,SELL,LIMIT,9872,5,GTC
3220,1700000000081015500,1,BUY,MARKET,0,25,IOC
3221,1700000000081032213,1,SELL,LIMIT,9868,10,GTC
3222,1700000000081044922,1,BUY,LIMIT,9878,5,GTC
3223,1700000000081079075,1,BUY,LIMIT,9858,100,GTC
3224,1700000000081123458,1,BUY,LIMIT,9876,1,GTC
3225,1700000000081143051,1,BUY,MARKET,0,100,IOC
3226,1700000000081150338,1,BUY,LIMIT,9860,25,GTC
3227,1700000000081199021,1,SELL,LIMIT,9876,25,GTC
3228,1700000000081224936,1,BUY,LIMIT,9862,100,GTC
3229,1700000000081249075,1,BUY,LIMIT,9873,1,GTC
3230,1700000000081294473,1,BUY,LIMIT,9874,25,GTC
3231,1700000000081307772,1,BUY,LIMIT,9877,10,GTC
3232,1700000000081327567,1,SELL,LIMIT,9893,20,GTC
3233,1700000000081361396,1,BUY,LIMIT,9866,100,GTC
3234,1700000000081362572,1,SELL,LIMIT,9875,10,GTC
3235,1700000000081367749,1,BUY,LIMIT,9894,25,GTC
3236,1700000000081385116,1,SELL,LIMIT,9896,100,GTC
3237,1700000000081396099,1,SELL,LIMIT,9885,10,GTC
3238,1700000000081427673,1,SELL,LIMIT,9881,100,GTC
3239,1700000000081455590,1,SELL,LIMIT,9883,1,GTC
3240,1700000000081457910,1,SELL,LIMIT,9871,10,GTC
3241,1700000000081466079,1,BUY,LIMIT,9876,20,GTC
3242,1700000000081469334,1,BUY,LIMIT,9897,10,GTC
3243,1700000000081485077,1,SELL,LIMIT,9887,50,GTC
3244,1700000000081496872,1,BUY,LIMIT,9891,50,GTC
3245,1700000000081525648,1,SELL,LIMIT,9893,1,GTC
3246,1700000000081532511,1,BUY,LIMIT,9888,25,GTC
3247,1700000000081535868,1,BUY,LIMIT,9887,1,GTC
3248,1700000000081540577,1,SELL,LIMIT,9873,10,GTC
3249,1700000000081546075,1,SELL,LIMIT,9873,10,GTC
3250,1700000000081581854,1,SELL,LIMIT,9897,25,GTC
3251,1700000000081601880,1,SELL,LIMIT,9883,50,GTC
3252,1700000000081627903,1,BUY,LIMIT,9879,1,GTC
3253,1700000000081631193,1,SELL,LIMIT,9888,1,GTC
3254,1700000000081660675,1,BUY,LIMIT,9881,100,GTC
3255,1700000000081702974,1,SELL,LIMIT,9877,50,GTC
3256,1700000000081742519,1,BUY,LIMIT,9890,5,GTC
3257,1700000000081789868,1,SELL,LIMIT,9888,10,GTC
3258,1700000000081835599,1,SELL,LIMIT,9873,20,GTC
3259,1700000000081854541,1,BUY,LIMIT,9872,5,GTC
3260,1700000000081860942,1,BUY,LIMIT,9894,5,GTC
3261,1700000000081899149,1,SELL,LIMIT,9892,20,GTC
3262,1700000000081947841,1,SELL,LIMIT,9884,5,GTC
3263,1700000000081996673,1,BUY,LIMIT,9882,1,GTC
3264,1700000000082046193,1,SELL,LIMIT,9872,10,IOC
3265,1700000000082046945,1,SELL,LIMIT,9881,5,GTC
3266,1700000000082083478,1,SELL,LIMIT,9873,10,GTC
3267,1700000000082124344,1,BUY,LIMIT,9892,50,GTC
3268,1700000000082150934,1,SELL,LIMIT,9887,100,GTC
3269,1700000000082166319,1,SELL,LIMIT,9883,10,GTC
3270,1700000000082210936,1,SELL,LIMIT,9873,50,GTC
3271,1700000000082244574,1,SELL,LIMIT,9896,5,GTC
3272,1700000000082256676,1,SELL,LIMIT,9899,50,GTC
3273,1700000000082257229,1,BUY,LIMIT,9886,5,GTC
3274,1700000000082304711,1,BUY,LIMIT,9891,10,GTC
3275,1700000000082328104,1,BUY,LIMIT,9894,10,GTC
3276,1700000000082349927,1,BUY,LIMIT,9892,100,GTC
3277,1700000000082382736,1,SELL,LIMIT,9889,100,IOC
3278,1700000000082421378,1,BUY,MARKET,0,25,IOC
3279,1700000000082438089,1,BUY,LIMIT,9882,20,GTC
3280,1700000000082446242,1,BUY,LIMIT,9887,50,GTC
3281,1700000000082484723,1,SELL,LIMIT,9879,50,GTC
3282,1700000000082496901,1,SELL,LIMIT,9893,100,GTC
3283,1700000000082522099,1,SELL,LIMIT,9899,50,GTC
3284,1700000000082562683,1,SELL,LIMIT,9889,10,GTC
3285,1700000000082583371,1,BUY,LIMIT,9879,10,GTC
3286,1700000000082598519,1,SELL,LIMIT,9906,25,GTC
3287,1700000000082647395,1,BUY,LIMIT,9897,100,IOC
3288,1700000000082689012,1,SELL,LIMIT,9895,20,IOC
3289,1700000000082693636,1,BUY,LIMIT,9889,20,GTC
3290,1700000000082730393,1,BUY,LIMIT,9894,1,IOC
3291,1700000000082775823,1,SELL,LIMIT,9903,25,GTC
3292,1700000000082816186,1,SELL,LIMIT,9891,10,GTC
3293,1700000000082846723,1,SELL,LIMIT,9899,20,GTC
3294,1700000000082872180,1,SELL,LIMIT,9899,5,GTC
3295,1700000000082912324,1,SELL,LIMIT,9894,1,GTC
3296,1700000000082924024,1,SELL,LIMIT,9896,25,GTC
3297,1700000000082927085,1,SELL,LIMIT,9886,100,GTC
3298,1700000000082945316,1,BUY,LIMIT,9909,10,GTC
3299,1700000000082982272,1,SELL,LIMIT,9885,1,GTC
3300,1700000000083014390,1,SELL,LIMIT,9904,25,GTC
3301,1700000000083032054,1,SELL,LIMIT,9889,100,GTC
3302,1700000000083033508,1,SELL,LIMIT,9902,10,GTC
3303,1700000000083034049,1,SELL,LIMIT,9894,1,GTC
3304,1700000000083041222,1,BUY,LIMIT,9893,50,GTC
3305,1700000000083065146,1,SELL,LIMIT,9893,1,GTC
3306,1700000000083101124,1,BUY,LIMIT,9906,100,GTC
3307,1700000000083134565,1,SELL,LIMIT,9897,1,GTC
3308,1700000000083145681,1,BUY,LIMIT,9887,100,GTC
3309,1700000000083174212,1,SELL,LIMIT,9887,10,GTC
3310,1700000000083194570,1,SELL,LIMIT,9893,20,GTC
3311,1700000000083238668,1,BUY,LIMIT,9886,20,GTC
3312,1700000000083249970,1,SELL,LIMIT,9913,25,GTC
3313,1700000000083271677,1,SELL,LIMIT,9908,5,GTC
3314,1700000000083283859,1,SELL,LIMIT,9897,50,GTC
3315,1700000000083298479,1,SELL,LIMIT,9899,10,IOC
3316,1700000000083319118,1,SELL,LIMIT,9907,100,IOC
3317,1700000000083344021,1,SELL,LIMIT,9891,25,GTC
3318,1700000000083379541,1,BUY,LIMIT,9888,10,GTC
3319,1700000000083401865,1,BUY,LIMIT,9883,20,GTC
3320,1700000000083402582,1,BUY,LIMIT,9905,1,GTC
3321,1700000000083450079,1,BUY,LIMIT,9890,5,GTC
3322,1700000000083482996,1,BUY,LIMIT,9908,100,GTC
3323,1700000000083523963,1,BUY,LIMIT,9906,10,GTC
3324,1700000000083536321,1,SELL,LIMIT,9895,10,GTC
3325,1700000000083543466,1,SELL,LIMIT,9912,25,GTC
3326,1700000000083573367,1,BUY,LIMIT,9901,5,GTC
3327,1700000000083597674,1,BUY,LIMIT,9899,1,GTC
3328,1700000000083613268,1,SELL,LIMIT,9896,100,GTC
3329,1700000000083648431,1,BUY,LIMIT,9909,100,GTC
3330,1700000000083656735,1,SELL,LIMIT,9890,100,GTC
3331,1700000000083676200,1,SELL,LIMIT,9904,20,GTC
3332,1700000000083691265,1,SELL,LIMIT,9899,1,GTC
3333,1700000000083736878,1,BUY,LIMIT,9889,5,GTC
3334,1700000000083765369,1,BUY,LIMIT,9914,10,GTC
3335,1700000000083788978,1,SELL,LIMIT,9910,5,GTC
3336,1700000000083801533,1,BUY,LIMIT,9891,50,IOC
3337,1700000000083828810,1,SELL,LIMIT,9887,20,GTC
3338,1700000000083862855,1,SELL,LIMIT,9893,100,GTC
3339,1700000000083875675,1,BUY,LIMIT,9883,100,GTC
3340,1700000000083924822,1,BUY,LIMIT,9881,100,GTC
3341,1700000000083945663,1,SELL,LIMIT,9891,5,GTC
3342,1700000000083970809,1,BUY,LIMIT,9895,20,GTC
3343,1700000000084016495,1,SELL,LIMIT,9907,1,GTC
3344,1700000000084054838,1,BUY,LIMIT,9893,10,GTC
3345,1700000000084066067,1,SELL,LIMIT,9902,25,GTC
3346,1700000000084085407,1,SELL,LIMIT,9883,20,GTC
3347,1700000000084126490,1,SELL,LIMIT,9891,20,GTC
3348,1700000000084155697,1,SELL,LIMIT,9890,25,GTC
3349,1700000000084177731,1,SELL,LIMIT,9895,100,GTC
3350,1700000000084217050,1,SELL,LIMIT,9887,5,GTC
3351,1700000000084265465,1,BUY,MARKET,0,100,IOC
3352,1700000000084274986,1,SELL,LIMIT,9896,5,GTC
3353,1700000000084280856,1,SELL,LIMIT,9887,100,GTC
3354,1700000000084302899,1,BUY,LIMIT,9886,20,GTC
3355,1700000000084313876,1,BUY,LIMIT,9900,100,GTC
3356,1700000000084356200,1,SELL,LIMIT,9875,10,GTC
3357,1700000000084362068,1,BUY,LIMIT,9893,5,GTC
3358,1700000000084380597,1,BUY,LIMIT,9885,5,GTC
3359,1700000000084388002,1,SELL,LIMIT,9869,10,GTC
3360,1700000000084398188,1,BUY,MARKET,0,25,IOC
3361,1700000000084404548,1,SELL,LIMIT,9888,25,GTC
3362,1700000000084454497,1,SELL,LIMIT,9888,1,GTC
3363,1700000000084467786,1,BUY,LIMIT,9898,25,GTC
3364,1700000000084476272,1,SELL,MARKET,0,5,IOC
3365,1700000000084514357,1,BUY,LIMIT,9873,10,GTC
3366,1700000000084562272,1,BUY,LIMIT,9883,10,GTC
3367,1700000000084597834,1,BUY,MARKET,0,25,IOC
3368,1700000000084602331,1,BUY,LIMIT,9879,25,IOC
3369,1700000000084648520,1,BUY,LIMIT,9880,25,GTC
3370,1700000000084677847,1,SELL,LIMIT,9889,10,GTC
3371,1700000000084692043,1,BUY,LIMIT,9897,10,GTC
3372,1700000000084728230,1,BUY,LIMIT,9895,25,IOC
3373,1700000000084752763,1,SELL,LIMIT,9898,5,GTC
3374,1700000000084778549,1,SELL,LIMIT,9881,25,GTC
3375,1700000000084786630,1,BUY,LIMIT,9895,25,GTC
3376,1700000000084830385,1,BUY,LIMIT,9904,1,GTC
3377,1700000000084832731,1,SELL,LIMIT,9887,100,GTC
3378,1700000000084833538,1,BUY,LIMIT,9899,50,GTC
3379,1700000000084850843,1,SELL,LIMIT,9890,20,GTC
3380,1700000000084892201,1,SELL,LIMIT,9873,5,IOC
3381,1700000000084927789,1,BUY,LIMIT,9893,25,GTC
3382,1700000000084952753,1,SELL,LIMIT,9889,1,GTC
3383,1700000000084967277,1,BUY,LIMIT,9890,100,IOC
3384,1700000000084985032,1,BUY,LIMIT,9876,5,GTC
3385,1700000000085024327,1,BUY,LIMIT,9875,10,GTC
3386,1700000000085052246,1,SELL,LIMIT,9889,1,GTC
3387,1700000000085090079,1,BUY,LIMIT,9898,1,GTC
3388,1700000000085108248,1,BUY,LIMIT,9896,100,GTC
3389,1700000000085130286,1,BUY,LIMIT,9875,10,GTC
3390,1700000000085148210,1,SELL,LIMIT,9900,100,GTC
3391,1700000000085155634,1,BUY,LIMIT,9896,5,GTC
3392,1700000000085169444,1,BUY,LIMIT,9882,1,GTC
3393,1700000000085203187,1,SELL,LIMIT,9897,5,GTC
3394,1700000000085251678,1,BUY,LIMIT,9893,10,GTC
3395,1700000000085258357,1,BUY,LIMIT,9886,20,GTC
3396,1700000000085271505,1,SELL,LIMIT,9888,25,GTC
3397,1700000000085297950,1,SELL,LIMIT,9870,10,GTC
3398,1700000000085341389,1,BUY,LIMIT,9869,5,GTC
3399,1700000000085389347,1,BUY,LIMIT,9899,1,GTC
3400,1700000000085394191,1,BUY,LIMIT,9873,20,GTC
3401,1700000000085401225,1,BUY,LIMIT,9892,20,GTC
3402,1700000000085405624,1,BUY,LIMIT,9895,5,GTC
3403,1700000000085415574,1,BUY,LIMIT,9875,10,GTC
3404,1700000000085425971,1,BUY,LIMIT,9875,100,GTC
3405,1700000000085438485,1,BUY,LIMIT,9906,10,GTC
3406,1700000000085451143,1,BUY,LIMIT,9901,10,GTC
3407,1700000000085462940,1,BUY,LIMIT,9896,10,GTC
3408,1700000000085483459,1,BUY,LIMIT,9893,10,GTC
3409,1700000000085484745,1,SELL,LIMIT,9886,100,GTC
3410,1700000000085487548,1,SELL,LIMIT,9892,10,GTC
3411,1700000000085535328,1,SELL,LIMIT,9876,50,GTC
3412,1700000000085536481,1,BUY,LIMIT,9880,1,GTC
3413,1700000000085552932,1,BUY,LIMIT,9866,100,GTC
3414,1700000000085567600,1,BUY,LIMIT,9894,100,IOC
3415,1700000000085579350,1,BUY,LIMIT,9889,100,IOC
3416,1700000000085628559,1,BUY,LIMIT,9889,1,GTC
3417,1700000000085661539,1,BUY,MARKET,0,50,IOC
3418,1700000000085682762,1,BUY,MARKET,0,20,IOC
3419,1700000000085715766,1,SELL,LIMIT,9888,5,GTC
3420,1700000000085746070,1,SELL,LIMIT,9892,1,GTC
3421,1700000000085765780,1,BUY,LIMIT,9865,20,GTC
3422,1700000000085808743,1,SELL,LIMIT,9869,5,GTC
3423,1700000000085814635,1,BUY,LIMIT,9870,20,GTC
3424,1700000000085835129,1,SELL,LIMIT,9883,20,GTC
3425,1700000000085876066,1,SELL,LIMIT,9879,50,GTC
3426,1700000000085882750,1,BUY,LIMIT,9881,25,GTC
3427,1700000000085930449,1,SELL,LIMIT,9861,20,GTC
3428,1700000000085976302,1,BUY,LIMIT,9864,25,GTC
3429,1700000000085983768,1,SELL,LIMIT,9871,5,IOC
3430,1700000000085995456,1,SELL,LIMIT,9889,5,GTC
3431,1700000000086012687,1,BUY,LIMIT,9887,50,GTC
3432,1700000000086021503,1,SELL,LIMIT,9892,50,GTC
3433,1700000000086042447,1,BUY,LIMIT,9890,20,IOC
3434,1700000000086079945,1,BUY,LIMIT,9868,5,GTC
3435,1700000000086086064,1,SELL,LIMIT,9877,10,GTC
3436,1700000000086112322,1,BUY,MARKET,0,10,IOC
3437,1700000000086127925,1,SELL,LIMIT,9885,25,GTC
3438,1700000000086161466,1,SELL,LIMIT,9866,1,GTC
3439,1700000000086190257,1,BUY,LIMIT,9872,20,GTC
3440,1700000000086203818,1,BUY,LIMIT,9859,10,GTC
3441,1700000000086227863,1,SELL,LIMIT,9879,1,GTC
3442,1700000000086229554,1,BUY,LIMIT,9861,1,IOC
3443,1700000000086259770,1,SELL,LIMIT,9865,50,GTC
3444,1700000000086268220,1,SELL,LIMIT,9854,5,GTC
3445,1700000000086293917,1,BUY,LIMIT,9853,5,GTC
3446,1700000000086307625,1,SELL,LIMIT,9880,100,GTC
3447,1700000000086356622,1,SELL,LIMIT,9871,100,GTC
3448,1700000000086376796,1,SELL,LIMIT,9873,25,GTC
3449,1700000000086408755,1,SELL,LIMIT,9887,50,GTC
3450,1700000000086448361,1,BUY,MARKET,0,1,IOC
3451,1700000000086477340,1,SELL,LIMIT,9867,10,GTC
3452,1700000000086484139,1,SELL,LIMIT,9863,5,GTC
3453,1700000000086530140,1,SELL,LIMIT,9878,25,GTC
3454,1700000000086540475,1,BUY,LIMIT,9874,20,GTC
3455,1700000000086564765,1,BUY,LIMIT,9880,5,GTC
3456,1700000000086586344,1,BUY,LIMIT,9864,100,GTC
3457,1700000000086613348,1,SELL,LIMIT,9859,20,GTC
3458,1700000000086631345,1,BUY,LIMIT,9854,10,GTC
3459,1700000000086676980,1,SELL,LIMIT,9875,5,GTC
3460,1700000000086677553,1,BUY,LIMIT,9861,20,GTC
3461,1700000000086710616,1,SELL,LIMIT,9853,5,GTC
3462,1700000000086752873,1,SELL,LIMIT,9865,25,GTC
3463,1700000000086754513,1,BUY,LIMIT,9878,100,GTC
3464,1700000000086791166,1,BUY,LIMIT,9849,10,GTC
3465,1700000000086832845,1,BUY,LIMIT,9869,5,GTC
3466,1700000000086876963,1,SELL,LIMIT,9857,20,GTC
3467,1700000000086891819,1,SELL,LIMIT,9850,10,GTC
3468,1700000000086926553,1,BUY,LIMIT,9847,10,GTC
3469,1700000000086940193,1,BUY,MARKET,0,10,IOC
3470,1700000000086946563,1,SELL,LIMIT,9862,25,GTC
3471,1700000000086947818,1,BUY,LIMIT,9870,25,GTC
3472,1700000000086968768,1,SELL,LIMIT,9850,20,GTC
3473,1700000000086998091,1,SELL,LIMIT,9849,10,GTC
3474,1700000000087005608,1,SELL,LIMIT,9849,1,GTC
3475,1700000000087054073,1,BUY,LIMIT,9852,10,GTC
3476,1700000000087060017,1,BUY,LIMIT,9847,50,GTC
3477,1700000000087109633,1,SELL,LIMIT,9845,5,GTC
3478,1700000000087110381,1,BUY,LIMIT,9872,100,GTC
3479,1700000000087156676,1,BUY,LIMIT,9868,25,GTC
3480,1700000000087197900,1,BUY,LIMIT,9850,5,GTC
3481,1700000000087239264,1,SELL,LIMIT,9863,20,GTC
3482,1700000000087281648,1,BUY,LIMIT,9866,1,GTC
3483,1700000000087315588,1,BUY,MARKET,0,5,IOC
3484,1700000000087331508,1,SELL,LIMIT,9851,10,GTC
3485,1700000000087380433,1,SELL,LIMIT,9850,50,GTC
3486,1700000000087422692,1,BUY,LIMIT,9847,25,GTC
3487,1700000000087440020,1,SELL,LIMIT,9868,25,GTC
3488,1700000000087483768,1,SELL,MARKET,0,50,IOC
3489,1700000000087490892,1,BUY,LIMIT,9873,5,GTC
3490,1700000000087526204,1,SELL,LIMIT,9855,5,GTC
3491,1700000000087542006,1,BUY,MARKET,0,50,IOC
3492,1700000000087589955,1,BUY,LIMIT,9871,10,GTC
3493,1700000000087617007,1,SELL,LIMIT,9868,1,GTC
3494,1700000000087620373,1,BUY,LIMIT,9854,5,GTC
3495,1700000000087626264,1,BUY,LIMIT,9852,20,GTC
3496,1700000000087630103,1,SELL,LIMIT,9844,50,GTC
3497,1700000000087663152,1,SELL,LIMIT,9856,10,IOC
3498,1700000000087667482,1,BUY,LIMIT,9868,1,GTC
3499,1700000000087704076,1,BUY,LIMIT,9845,100,GTC
3500,1700000000087722665,1,SELL,LIMIT,9872,5,IOC
3501,1700000000087738939,1,SELL,LIMIT,9868,5,GTC
3502,1700000000087782183,1,SELL,LIMIT,9839,100,GTC
3503,1700000000087792879,1,BUY,LIMIT,9840,50,GTC
3504,1700000000087840680,1,SELL,LIMIT,9862,1,GTC
3505,1700000000087875513,1,BUY,LIMIT,9850,100,GTC
3506,1700000000087904688,1,SELL,LIMIT,9860,10,GTC
3507,1700000000087916097,1,BUY,LIMIT,9861,100,GTC
3508,1700000000087947508,1,SELL,LIMIT,9854,1,GTC
3509,1700000000087955344,1,SELL,LIMIT,9839,100,GTC
3510,1700000000087996185,1,BUY,MARKET,0,5,IOC
3511,1700000000088013155,1,SELL,LIMIT,9866,50,GTC
3512,1700000000088016297,1,BUY,LIMIT,9844,10,GTC
3513,1700000000088028728,1,SELL,LIMIT,9841,1,GTC
3514,1700000000088052289,1,BUY,MARKET,0,25,IOC
3515,1700000000088096641,1,SELL,LIMIT,9841,20,GTC
3516,1700000000088109345,1,BUY,LIMIT,9848,50,GTC
3517,1700000000088149328,1,SELL,LIMIT,9860,50,IOC
3518,1700000000088193499,1,SELL,LIMIT,9871,50,GTC
3519,1700000000088222633,1,BUY,LIMIT,9865,5,GTC
3520,1700000000088268810,1,SELL,LIMIT,9872,25,GTC
3521,1700000000088295955,1,SELL,LIMIT,9849,5,GTC
3522,1700000000088310714,1,SELL,LIMIT,9846,1,GTC
3523,1700000000088321473,1,BUY,LIMIT,9874,20,GTC
3524,1700000000088359845,1,SELL,LIMIT,9865,10,GTC
3525,1700000000088361014,1,BUY,LIMIT,9857,1,GTC
3526,1700000000088362527,1,SELL,LIMIT,9859,5,GTC
3527,1700000000088387163,1,SELL,MARKET,0,5,IOC
3528,1700000000088433425,1,BUY,LIMIT,9860,50,GTC
3529,1700000000088449173,1,BUY,LIMIT,9842,25,GTC
3530,1700000000088467769,1,SELL,LIMIT,9844,5,IOC
3531,1700000000088476282,1,BUY,LIMIT,9838,50,GTC
3532,1700000000088485748,1,BUY,LIMIT,9843,5,GTC
3533,1700000000088495028,1,SELL,LIMIT,9863,5,GTC
3534,1700000000088519270,1,SELL,LIMIT,9847,25,GTC
3535,1700000000088530306,1,BUY,LIMIT,9851,100,IOC
3536,1700000000088549989,1,SELL,MARKET,0,20,IOC
3537,1700000000088580804,1,SELL,LIMIT,9840,50,GTC
3538,1700000000088594645,1,BUY,LIMIT,9843,100,GTC
3539,1700000000088644604,1,SELL,LIMIT,9837,20,GTC
3540,1700000000088659293,1,BUY,LIMIT,9852,1,GTC
3541,1700000000088688779,1,BUY,LIMIT,9832,10,GTC
3542,1700000000088733300,1,SELL,LIMIT,9840,100,GTC
3543,1700000000088778708,1,BUY,LIMIT,9827,50,GTC
3544,1700000000088782202,1,BUY,LIMIT,9837,20,GTC
3545,1700000000088827475,1,BUY,LIMIT,9823,50,GTC
3546,1700000000088850143,1,BUY,LIMIT,9848,10,GTC
3547,1700000000088874113,1,SELL,LIMIT,9831,10,GTC
3548,1700000000088914418,1,BUY,LIMIT,9833,100,GTC
3549,1700000000088953670,1,BUY,LIMIT,9817,50,GTC
3550,1700000000088978452,1,BUY,MARKET,0,25,IOC
3551,1700000000089023995,1,BUY,MARKET,0,1,IOC
3552,1700000000089073136,1,SELL,LIMIT,9827,50,GTC
3553,1700000000089074214,1,SELL,LIMIT,9847,20,GTC
3554,1700000000089122997,1,BUY,LIMIT,9829,1,GTC
3555,1700000000089140188,1,SELL,LIMIT,9834,25,GTC
3556,1700000000089156497,1,BUY,MARKET,0,1,IOC
3557,1700000000089183371,1,SELL,LIMIT,9847,10,GTC
3558,1700000000089195368,1,SELL,LIMIT,9828,10,GTC
3559,1700000000089220181,1,BUY,LIMIT,9848,100,GTC
3560,1700000000089248398,1,SELL,LIMIT,9829,5,GTC
3561,1700000000089256370,1,BUY,LIMIT,9843,25,GTC
3562,1700000000089281432,1,BUY,LIMIT,9841,1,GTC
3563,1700000000089320238,1,SELL,LIMIT,9851,10,GTC
3564,1700000000089358004,1,SELL,LIMIT,9852,50,GTC
3565,1700000000089376109,1,SELL,LIMIT,9855,50,GTC
3566,1700000000089381291,1,SELL,MARKET,0,1,IOC
3567,1700000000089408009,1,BUY,LIMIT,9827,5,GTC
3568,1700000000089410665,1,BUY,LIMIT,9853,1,GTC
3569,1700000000089427798,1,SELL,LIMIT,9837,10,GTC
3570,1700000000089438777,1,BUY,LIMIT,9826,100,GTC
3571,1700000000089474661,1,BUY,LIMIT,9831,1,GTC
3572,1700000000089496466,1,SELL,MARKET,0,50,IOC
3573,1700000000089504091,1,BUY,LIMIT,9840,25,GTC
3574,1700000000089536917,1,SELL,LIMIT,9830,10,GTC
3575,1700000000089551979,1,SELL,LIMIT,9849,50,GTC
3576,1700000000089556378,1,SELL,LIMIT,9844,50,GTC
3577,1700000000089568126,1,SELL,LIMIT,9832,25,GTC
3578,1700000000089607168,1,SELL,LIMIT,9827,10,GTC
3579,1700000000089655036,1,BUY,LIMIT,9836,100,GTC
3580,1700000000089704568,1,SELL,LIMIT,9824,50,GTC
3581,1700000000089707990,1,SELL,LIMIT,9842,10,GTC
3582,1700000000089747485,1,BUY,LIMIT,9819,10,GTC
3583,1700000000089763595,1,BUY,LIMIT,9841,20,GTC
3584,1700000000089775455,1,BUY,LIMIT,9832,10,GTC
3585,1700000000089791990,1,BUY,LIMIT,9818,10,GTC
3586,1700000000089815037,1,BUY,LIMIT,9822,25,GTC
3587,1700000000089834128,1,SELL,LIMIT,9842,25,GTC
3588,1700000000089872697,1,SELL,LIMIT,9814,50,GTC
3589,1700000000089914077,1,SELL,LIMIT,9823,10,GTC
3590,1700000000089940405,1,SELL,LIMIT,9840,10,GTC
3591,1700000000089977888,1,SELL,LIMIT,9835,25,GTC
3592,1700000000090027714,1,SELL,LIMIT,9819,20,GTC
3593,1700000000090077454,1,BUY,LIMIT,9812,25,GTC
3594,1700000000090081652,1,BUY,LIMIT,9831,10,GTC
3595,1700000000090112284,1,BUY,LIMIT,9821,100,GTC
3596,1700000000090124728,1,SELL,LIMIT,9810,50,GTC
3597,1700000000090147634,1,SELL,LIMIT,9811,100,GTC
3598,1700000000090153115,1,SELL,LIMIT,9814,100,GTC
3599,1700000000090181372,1,BUY,LIMIT,9819,10,GTC
3600,1700000000090198378,1,SELL,LIMIT,9819,50,GTC
3601,1700000000090206772,1,BUY,LIMIT,9837,50,IOC
3602,1700000000090250515,1,SELL,LIMIT,9815,10,GTC
3603,1700000000090255018,1,SELL,LIMIT,9827,20,GTC
3604,1700000000090278758,1,BUY,LIMIT,9826,25,GTC
3605,1700000000090317392,1,BUY,LIMIT,9835,5,GTC
3606,1700000000090349684,1,BUY,LIMIT,9840,100,IOC
3607,1700000000090374718,1,BUY,LIMIT,9829,10,GTC
3608,1700000000090421630,1,SELL,LIMIT,9821,10,GTC
3609,1700000000090460842,1,BUY,LIMIT,9830,5,GTC
3610,1700000000090493627,1,SELL,LIMIT,9827,100,GTC
3611,1700000000090509493,1,BUY,LIMIT,9841,10,GTC
3612,1700000000090533452,1,BUY,LIMIT,9835,5,GTC
3613,1700000000090564575,1,SELL,MARKET,0,25,IOC
3614,1700000000090606791,1,SELL,LIMIT,9836,25,GTC
3615,1700000000090628304,1,SELL,LIMIT,9840,10,GTC
3616,1700000000090629982,1,BUY,LIMIT,9830,10,GTC
3617,1700000000090654233,1,SELL,LIMIT,9832,10,GTC
3618,1700000000090659985,1,SELL,LIMIT,9847,25,GTC
3619,1700000000090661050,1,SELL,LIMIT,9835,25,GTC
3620,1700000000090672560,1,BUY,LIMIT,9856,50,GTC
3621,1700000000090711659,1,SELL,LIMIT,9841,10,GTC
3622,1700000000090722810,1,BUY,LIMIT,9839,10,GTC
3623,1700000000090724191,1,SELL,LIMIT,9855,1,GTC
3624,1700000000090727296,1,SELL,LIMIT,9843,100,GTC
3625,1700000000090731244,1,BUY,MARKET,0,25,IOC
3626,1700000000090774146,1,BUY,LIMIT,9839,20,GTC
3627,1700000000090812324,1,BUY,LIMIT,9836,5,IOC
3628,1700000000090823330,1,BUY,LIMIT,9849,10,GTC
3629,1700000000090824209,1,SELL,LIMIT,9861,50,GTC
3630,1700000000090856549,1,BUY,LIMIT,9862,100,GTC
3631,1700000000090860646,1,BUY,LIMIT,9847,50,GTC
3632,1700000000090861822,1,SELL,LIMIT,9847,25,GTC
3633,1700000000090868228,1,SELL,LIMIT,9837,50,GTC
3634,1700000000090882201,1,SELL,LIMIT,9859,5,GTC
3635,1700000000090901255,1,SELL,LIMIT,9838,20,IOC
3636,1700000000090927254,1,BUY,LIMIT,9841,5,GTC
3637,1700000000090957885,1,BUY,LIMIT,9839,10,GTC
3638,1700000000090985924,1,BUY,LIMIT,9846,100,GTC
3639,1700000000090998224,1,BUY,LIMIT,9843,20,GTC
3640,1700000000091029747,1,SELL,LIMIT,9866,5,GTC
3641,1700000000091062648,1,SELL,LIMIT,9854,5,GTC
3642,1700000000091074203,1,SELL,LIMIT,9847,1,GTC
3643,1700000000091107222,1,SELL,LIMIT,9845,5,GTC
3644,1700000000091140554,1,BUY,LIMIT,9859,10,GTC
3645,1700000000091151900,1,BUY,LIMIT,9856,1,GTC
3646,1700000000091161366,1,SELL,LIMIT,9848,50,GTC
3647,1700000000091173200,1,SELL,MARKET,0,100,IOC
3648,1700000000091173910,1,SELL,LIMIT,9843,1,GTC
3649,1700000000091205979,1,BUY,LIMIT,9846,25,GTC
3650,1700000000091227534,1,SELL,LIMIT,9850,10,GTC
3651,1700000000091266146,1,SELL,MARKET,0,1,IOC
3652,1700000000091286616,1,BUY,LIMIT,9852,1,GTC
3653,1700000000091316974,1,SELL,LIMIT,9867,10,GTC
3654,1700000000091343438,1,SELL,LIMIT,9853,1,GTC
3655,1700000000091371177,1,BUY,LIMIT,9861,25,GTC
3656,1700000000091421157,1,SELL,LIMIT,9850,50,GTC
3657,1700000000091445757,1,BUY,LIMIT,9872,5,GTC
3658,1700000000091450176,1,BUY,LIMIT,9862,1,GTC
3659,1700000000091451402,1,BUY,LIMIT,9849,5,GTC
3660,1700000000091453241,1,SELL,LIMIT,9869,50,GTC
3661,1700000000091475856,1,SELL,LIMIT,9870,1,GTC
3662,1700000000091490202,1,BUY,LIMIT,9851,10,GTC
3663,1700000000091521569,1,BUY,LIMIT,9861,50,GTC
3664,1700000000091570231,1,SELL,LIMIT,9859,10,GTC
3665,1700000000091576057,1,BUY,LIMIT,9855,20,GTC
3666,1700000000091598124,1,BUY,LIMIT,9857,50,GTC
3667,1700000000091624000,1,SELL,LIMIT,9858,1,GTC
3668,1700000000091670137,1,SELL,LIMIT,9845,10,GTC
3669,1700000000091672214,1,SELL,LIMIT,9856,50,GTC
3670,1700000000091716671,1,SELL,LIMIT,9862,1,GTC
3671,1700000000091721016,1,BUY,LIMIT,9870,100,GTC
3672,1700000000091757237,1,SELL,LIMIT,9867,5,GTC
3673,1700000000091769980,1,BUY,LIMIT,9846,10,GTC
3674,1700000000091808351,1,BUY,MARKET,0,10,IOC
3675,1700000000091846876,1,SELL,MARKET,0,10,IOC
3676,1700000000091879523,1,BUY,LIMIT,9878,10,GTC
3677,1700000000091895317,1,SELL,LIMIT,9859,10,GTC
3678,1700000000091915999,1,BUY,LIMIT,9878,50,IOC
3679,1700000000091963551,1,BUY,LIMIT,9859,10,GTC
3680,1700000000092008259,1,SELL,LIMIT,9873,5,GTC
3681,1700000000092016161,1,BUY,LIMIT,9876,1,GTC
3682,1700000000092055904,1,BUY,LIMIT,9867,50,GTC
3683,1700000000092080512,1,BUY,LIMIT,9869,1,GTC
3684,1700000000092117804,1,SELL,LIMIT,9881,10,GTC
3685,1700000000092164007,1,SELL,LIMIT,9877,1,GTC
3686,1700000000092211999,1,SELL,LIMIT,9876,100,GTC
3687,1700000000092254049,1,BUY,LIMIT,9878,50,GTC
3688,1700000000092296832,1,SELL,LIMIT,9858,25,GTC
3689,1700000000092322210,1,SELL,LIMIT,9880,5,GTC
3690,1700000000092365573,1,SELL,LIMIT,9872,10,GTC
3691,1700000000092369112,1,BUY,MARKET,0,100,IOC
3692,1700000000092372399,1,BUY,LIMIT,9856,20,GTC
3693,1700000000092406819,1,SELL,LIMIT,9868,1,GTC
3694,1700000000092417163,1,SELL,LIMIT,9856,50,GTC
3695,1700000000092437267,1,BUY,LIMIT,9872,20,GTC
3696,1700000000092467759,1,SELL,LIMIT,9858,1,GTC
3697,1700000000092510305,1,SELL,LIMIT,9886,10,GTC
3698,1700000000092538525,1,BUY,LIMIT,9860,1,GTC
3699,1700000000092550263,1,SELL,LIMIT,9887,5,GTC
3700,1700000000092551860,1,BUY,LIMIT,9862,10,GTC
3701,1700000000092579968,1,SELL,LIMIT,9880,10,GTC
3702,1700000000092619452,1,SELL,LIMIT,9866,25,GTC
3703,1700000000092620336,1,SELL,LIMIT,9866,100,GTC
3704,1700000000092640382,1,BUY,LIMIT,9864,10,GTC
3705,1700000000092651119,1,SELL,LIMIT,9866,5,GTC
3706,1700000000092688966,1,BUY,LIMIT,9856,20,GTC
3707,1700000000092732000,1,BUY,LIMIT,9873,50,GTC
3708,1700000000092753356,1,BUY,LIMIT,9878,50,GTC
3709,1700000000092768425,1,SELL,LIMIT,9861,25,IOC
3710,1700000000092792990,1,SELL,LIMIT,9878,100,GTC
3711,1700000000092826914,1,SELL,LIMIT,9864,20,GTC
3712,1700000000092843717,1,BUY,LIMIT,9880,100,GTC
3713,1700000000092852551,1,BUY,LIMIT,9871,10,GTC
3714,1700000000092871643,1,BUY,LIMIT,9882,50,GTC
3715,1700000000092915827,1,BUY,LIMIT,9867,100,GTC
3716,1700000000092928516,1,BUY,MARKET,0,20,IOC
3717,1700000000092929742,1,SELL,LIMIT,9887,10,GTC
3718,1700000000092967544,1,BUY,MARKET,0,100,IOC
3719,1700000000093006578,1,BUY,LIMIT,9869,10,GTC
3720,1700000000093056328,1,SELL,LIMIT,9877,25,GTC
3721,1700000000093103366,1,SELL,LIMIT,9873,100,GTC
3722,1700000000093123599,1,BUY,LIMIT,9890,1,GTC
3723,1700000000093163945,1,BUY,LIMIT,9859,20,GTC
3724,1700000000093203733,1,BUY,LIMIT,9880,10,GTC
3725,1700000000093223211,1,BUY,LIMIT,9858,5,IOC
3726,1700000000093233331,1,BUY,LIMIT,9879,50,GTC
3727,1700000000093282405,1,SELL,LIMIT,9862,20,GTC
3728,1700000000093297173,1,SELL,LIMIT,9889,5,GTC
3729,1700000000093307654,1,BUY,LIMIT,9886,25,GTC
3730,1700000000093350387,1,SELL,LIMIT,9864,50,GTC
3731,1700000000093370341,1,SELL,LIMIT,9867,10,GTC
3732,1700000000093386145,1,BUY,LIMIT,9879,10,GTC
3733,1700000000093414604,1,SELL,MARKET,0,100,IOC
3734,1700000000093423302,1,SELL,LIMIT,9877,50,GTC
3735,1700000000093466337,1,SELL,LIMIT,9876,1,GTC
3736,1700000000093510017,1,BUY,LIMIT,9890,100,IOC
3737,1700000000093517103,1,BUY,LIMIT,9875,50,GTC
3738,1700000000093518043,1,BUY,LIMIT,9877,20,GTC
3739,1700000000093539382,1,BUY,LIMIT,9876,10,GTC
3740,1700000000093566404,1,SELL,LIMIT,9874,25,GTC
3741,1700000000093571706,1,BUY,LIMIT,9871,10,GTC
3742,1700000000093575154,1,SELL,LIMIT,9863,10,GTC
3743,1700000000093614371,1,SELL,LIMIT,9877,5,GTC
3744,1700000000093662827,1,SELL,LIMIT,9866,20,IOC
3745,1700000000093682110,1,SELL,LIMIT,9859,100,GTC
3746,1700000000093731748,1,SELL,LIMIT,9866,100,GTC
3747,1700000000093732584,1,BUY,LIMIT,9859,5,GTC
3748,1700000000093763965,1,SELL,LIMIT,9856,5,GTC
3749,1700000000093770351,1,BUY,LIMIT,9873,25,GTC
3750,1700000000093775992,1,SELL,LIMIT,9861,25,GTC
3751,1700000000093813083,1,BUY,LIMIT,9863,5,IOC
3752,1700000000093849274,1,BUY,MARKET,0,25,IOC
3753,1700000000093866850,1,BUY,LIMIT,9863,100,GTC
3754,1700000000093893457,1,SELL,LIMIT,9880,5,GTC
3755,1700000000093932481,1,SELL,LIMIT,9856,1,GTC
3756,1700000000093940663,1,SELL,LIMIT,9876,20,GTC
3757,1700000000093980760,1,BUY,MARKET,0,10,IOC
3758,1700000000094025888,1,SELL,LIMIT,9860,1,GTC
3759,1700000000094042021,1,SELL,LIMIT,9861,1,GTC
3760,1700000000094083700,1,BUY,LIMIT,9874,20,GTC
3761,1700000000094109873,1,SELL,LIMIT,9876,10,GTC
3762,1700000000094128885,1,BUY,LIMIT,9860,50,GTC
3763,1700000000094151834,1,BUY,LIMIT,9887,10,GTC
3764,1700000000094171993,1,BUY,LIMIT,9891,100,GTC
3765,1700000000094204434,1,SELL,LIMIT,9877,50,GTC
3766,1700000000094244031,1,SELL,LIMIT,9875,1,GTC
3767,1700000000094279976,1,BUY,LIMIT,9859,5,GTC
3768,1700000000094285644,1,SELL,LIMIT,9887,10,GTC
3769,1700000000094292714,1,BUY,LIMIT,9860,50,GTC
3770,1700000000094303896,1,BUY,LIMIT,9863,25,GTC
3771,1700000000094306515,1,BUY,LIMIT,9859,50,GTC
3772,1700000000094308200,1,SELL,LIMIT,9876,10,GTC
3773,1700000000094326567,1,BUY,LIMIT,9875,100,IOC
3774,1700000000094361920,1,SELL,LIMIT,9876,1,GTC
3775,1700000000094367658,1,SELL,LIMIT,9884,10,GTC
3776,1700000000094415946,1,SELL,LIMIT,9878,25,GTC
3777,1700000000094443196,1,SELL,LIMIT,9878,50,GTC
3778,1700000000094443877,1,SELL,LIMIT,9861,50,GTC
3779,1700000000094449205,1,BUY,MARKET,0,50,IOC
3780,1700000000094481566,1,SELL,MARKET,0,25,IOC
3781,1700000000094485239,1,SELL,LIMIT,9861,50,GTC
3782,1700000000094488460,1,SELL,MARKET,0,10,IOC
3783,1700000000094536862,1,BUY,LIMIT,9854,10,GTC
3784,1700000000094578246,1,SELL,LIMIT,9875,1,GTC
3785,1700000000094617192,1,SELL,MARKET,0,10,IOC
3786,1700000000094659575,1,SELL,LIMIT,9854,10,GTC
3787,1700000000094705200,1,BUY,LIMIT,9869,10,GTC
3788,1700000000094720856,1,SELL,LIMIT,9859,25,GTC
3789,1700000000094724602,1,BUY,LIMIT,9856,1,GTC
3790,1700000000094747962,1,SELL,LIMIT,9856,100,GTC
3791,1700000000094789760,1,SELL,LIMIT,9876,20,GTC
3792,1700000000094839226,1,SELL,MARKET,0,20,IOC
3793,1700000000094873398,1,SELL,LIMIT,9866,10,GTC
3794,1700000000094920976,1,BUY,MARKET,0,5,IOC
3795,1700000000094940022,1,SELL,LIMIT,9866,20,GTC
3796,1700000000094950313,1,BUY,LIMIT,9863,25,GTC
3797,1700000000094951604,1,BUY,LIMIT,9865,50,GTC
3798,1700000000094972393,1,SELL,LIMIT,9878,10,GTC
3799,1700000000095000522,1,BUY,LIMIT,9863,10,GTC
3800,1700000000095034050,1,BUY,LIMIT,9879,25,GTC
3801,1700000000095063465,1,BUY,LIMIT,9859,5,GTC
3802,1700000000095084676,1,SELL,LIMIT,9853,5,GTC
3803,1700000000095096922,1,BUY,LIMIT,9869,10,GTC
3804,1700000000095134591,1,BUY,LIMIT,9868,100,GTC
3805,1700000000095149102,1,BUY,LIMIT,9857,25,GTC
3806,1700000000095187843,1,SELL,LIMIT,9876,100,GTC
3807,1700000000095230481,1,BUY,LIMIT,9861,5,GTC
3808,1700000000095278068,1,SELL,LIMIT,9857,20,GTC
3809,1700000000095291334,1,SELL,LIMIT,9856,10,GTC
3810,1700000000095317785,1,SELL,LIMIT,9863,100,GTC
3811,1700000000095334202,1,SELL,LIMIT,9858,10,IOC
3812,1700000000095350716,1,SELL,LIMIT,9871,20,GTC
3813,1700000000095390765,1,BUY,LIMIT,9867,1,GTC
3814,1700000000095436498,1,BUY,LIMIT,9854,10,GTC
3815,1700000000095474060,1,SELL,LIMIT,9875,10,GTC
3816,1700000000095495673,1,BUY,LIMIT,9858,10,GTC
3817,1700000000095520818,1,SELL,LIMIT,9880,100,GTC
3818,1700000000095536834,1,SELL,LIMIT,9860,100,GTC
3819,1700000000095580044,1,SELL,LIMIT,9876,25,GTC
3820,1700000000095597017,1,BUY,LIMIT,9856,5,IOC
3821,1700000000095612456,1,SELL,MARKET,0,10,IOC
3822,1700000000095645372,1,SELL,LIMIT,9865,20,GTC
3823,1700000000095689955,1,BUY,LIMIT,9862,1,GTC
3824,1700000000095735677,1,BUY,LIMIT,9860,20,GTC
3825,1700000000095764778,1,BUY,LIMIT,9886,25,GTC
3826,1700000000095773425,1,SELL,LIMIT,9864,10,GTC
3827,1700000000095787913,1,BUY,LIMIT,9880,10,GTC
3828,1700000000095796820,1,BUY,LIMIT,9870,10,GTC
3829,1700000000095844897,1,BUY,LIMIT,9863,50,GTC
3830,1700000000095871729,1,SELL,MARKET,0,50,IOC
3831,1700000000095872455,1,SELL,MARKET,0,100,IOC
3832,1700000000095875219,1,SELL,MARKET,0,50,IOC
3833,1700000000095917018,1,SELL,LIMIT,9870,10,GTC
3834,1700000000095965223,1,BUY,LIMIT,9873,20,GTC
3835,1700000000095996737,1,BUY,LIMIT,9850,50,GTC
3836,1700000000096021567,1,SELL,LIMIT,9866,10,GTC
3837,1700000000096024689,1,SELL,LIMIT,9867,1,GTC
3838,1700000000096066758,1,SELL,LIMIT,9868,25,GTC
3839,1700000000096094234,1,SELL,LIMIT,9883,20,GTC
3840,1700000000096137049,1,BUY,LIMIT,9865,100,GTC
3841,1700000000096186606,1,BUY,LIMIT,9864,100,GTC
3842,1700000000096203993,1,SELL,LIMIT,9885,5,GTC
3843,1700000000096225043,1,SELL,LIMIT,9861,25,GTC
3844,1700000000096252867,1,SELL,LIMIT,9882,10,GTC
3845,1700000000096292064,1,SELL,LIMIT,9864,10,GTC
3846,1700000000096335852,1,SELL,LIMIT,9862,5,GTC
3847,1700000000096351292,1,SELL,LIMIT,9871,25,GTC
3848,1700000000096400374,1,BUY,LIMIT,9866,50,GTC
3849,1700000000096433491,1,SELL,LIMIT,9867,20,GTC
3850,1700000000096480857,1,BUY,LIMIT,9882,50,GTC
3851,1700000000096489795,1,SELL,LIMIT,9864,10,GTC
3852,1700000000096533369,1,BUY,LIMIT,9880,25,GTC
3853,1700000000096579582,1,SELL,LIMIT,9873,50,GTC
3854,1700000000096606349,1,SELL,LIMIT,9881,25,GTC
3855,1700000000096632500,1,BUY,LIMIT,9876,20,GTC
3856,1700000000096670183,1,SELL,LIMIT,9867,20,GTC
3857,1700000000096711374,1,SELL,LIMIT,9878,1,GTC
3858,1700000000096747460,1,SELL,LIMIT,9872,1,GTC
3859,1700000000096748445,1,SELL,LIMIT,9859,10,GTC
3860,1700000000096767149,1,BUY,LIMIT,9864,50,GTC
3861,1700000000096816906,1,BUY,LIMIT,9883,25,GTC
3862,1700000000096834102,1,BUY,LIMIT,9859,10,GTC
3863,1700000000096859926,1,BUY,MARKET,0,1,IOC
3864,1700000000096879508,1,BUY,LIMIT,9882,10,GTC
3865,1700000000096903135,1,BUY,MARKET,0,50,IOC
3866,1700000000096920675,1,BUY,LIMIT,9886,20,GTC
3867,1700000000096930593,1,SELL,LIMIT,9870,1,GTC
3868,1700000000096932206,1,SELL,LIMIT,9874,50,GTC
3869,1700000000096980559,1,SELL,LIMIT,9885,1,GTC
3870,1700000000096998608,1,BUY,LIMIT,9869,20,GTC
3871,1700000000097044569,1,SELL,LIMIT,9867,1,GTC
3872,1700000000097084961,1,SELL,LIMIT,9876,1,GTC
3873,1700000000097123726,1,SELL,LIMIT,9862,1,GTC
3874,1700000000097163310,1,BUY,MARKET,0,100,IOC
3875,1700000000097172652,1,SELL,LIMIT,9887,100,GTC
3876,1700000000097196913,1,BUY,LIMIT,9879,10,GTC
3877,1700000000097227824,1,SELL,LIMIT,9871,1,GTC
3878,1700000000097261710,1,BUY,LIMIT,9884,20,GTC
3879,1700000000097306566,1,SELL,LIMIT,9877,20,GTC
3880,1700000000097316264,1,SELL,LIMIT,9874,1,GTC
3881,1700000000097334476,1,SELL,MARKET,0,20,IOC
3882,1700000000097358160,1,SELL,LIMIT,9855,5,GTC
3883,1700000000097389373,1,SELL,LIMIT,9865,1,GTC
3884,1700000000097433453,1,SELL,LIMIT,9860,100,GTC
3885,1700000000097441403,1,BUY,LIMIT,9867,25,GTC
3886,1700000000097455106,1,BUY,LIMIT,9868,10,GTC
3887,1700000000097497639,1,SELL,LIMIT,9856,25,GTC
3888,1700000000097535530,1,SELL,LIMIT,9878,5,GTC
3889,1700000000097538070,1,BUY,LIMIT,9860,50,GTC
3890,1700000000097549432,1,SELL,LIMIT,9867,20,GTC
3891,1700000000097578994,1,BUY,LIMIT,9884,5,GTC
3892,1700000000097622564,1,SELL,LIMIT,9858,10,GTC
3893,1700000000097653783,1,SELL,LIMIT,9857,5,GTC
3894,1700000000097676557,1,SELL,LIMIT,9860,25,GTC
3895,1700000000097687068,1,BUY,LIMIT,9875,50,GTC
3896,1700000000097717079,1,BUY,LIMIT,9862,5,GTC
3897,1700000000097748480,1,SELL,LIMIT,9860,10,GTC
3898,1700000000097769712,1,SELL,MARKET,0,50,IOC
3899,1700000000097773857,1,BUY,LIMIT,9878,100,GTC
3900,1700000000097820446,1,SELL,LIMIT,9877,25,GTC
3901,1700000000097834218,1,BUY,LIMIT,9875,25,GTC
3902,1700000000097864368,1,SELL,LIMIT,9891,1,GTC
3903,1700000000097897250,1,BUY,LIMIT,9876,25,GTC
3904,1700000000097908736,1,BUY,LIMIT,9877,50,GTC
3905,1700000000097936172,1,SELL,LIMIT,9874,100,GTC
3906,1700000000097962794,1,SELL,LIMIT,9894,100,IOC
3907,1700000000098004686,1,BUY,LIMIT,9882,5,GTC
3908,1700000000098053566,1,SELL,MARKET,0,25,IOC
3909,1700000000098097035,1,SELL,LIMIT,9864,50,GTC
3910,1700000000098140058,1,SELL,LIMIT,9868,1,GTC
3911,1700000000098148318,1,BUY,LIMIT,9879,1,GTC
3912,1700000000098174221,1,BUY,LIMIT,9879,10,GTC
3913,1700000000098218063,1,SELL,LIMIT,9873,50,GTC
3914,1700000000098221462,1,SELL,LIMIT,9865,25,GTC
3915,1700000000098234479,1,BUY,LIMIT,9883,10,GTC
3916,1700000000098283458,1,BUY,LIMIT,9888,10,GTC
3917,1700000000098290521,1,SELL,LIMIT,9881,10,GTC
3918,1700000000098319855,1,BUY,LIMIT,9880,25,GTC
3919,1700000000098360847,1,SELL,LIMIT,9881,100,GTC
3920,1700000000098378609,1,SELL,LIMIT,9878,20,GTC
3921,1700000000098399514,1,BUY,LIMIT,9876,5,GTC
3922,1700000000098449332,1,BUY,LIMIT,9857,5,GTC
3923,1700000000098462837,1,SELL,LIMIT,9879,1,GTC
3924,1700000000098498321,1,SELL,LIMIT,9864,50,GTC
3925,1700000000098528334,1,BUY,MARKET,0,100,IOC
3926,1700000000098544046,1,BUY,MARKET,0,10,IOC
3927,1700000000098578125,1,SELL,LIMIT,9878,50,GTC
3928,1700000000098593822,1,BUY,LIMIT,9875,1,GTC
3929,1700000000098598673,1,SELL,LIMIT,9873,1,GTC
3930,1700000000098632336,1,BUY,LIMIT,9870,100,GTC
3931,1700000000098662524,1,BUY,LIMIT,9880,25,GTC
3932,1700000000098678328,1,SELL,LIMIT,9886,100,GTC
3933,1700000000098687787,1,SELL,LIMIT,9885,1,GTC
3934,1700000000098730396,1,SELL,LIMIT,9873,20,GTC
3935,1700000000098779155,1,SELL,LIMIT,9865,50,GTC
3936,1700000000098817867,1,BUY,LIMIT,9882,10,GTC
3937,1700000000098831952,1,SELL,MARKET,0,100,IOC
3938,1700000000098844031,1,BUY,LIMIT,9873,50,GTC
3939,1700000000098887149,1,BUY,LIMIT,9878,20,GTC
3940,1700000000098915481,1,SELL,LIMIT,9880,5,GTC
3941,1700000000098921022,1,BUY,LIMIT,9884,10,GTC
3942,1700000000098928002,1,SELL,LIMIT,9872,20,GTC
3943,1700000000098974314,1,SELL,LIMIT,9861,50,GTC
3944,1700000000099004288,1,SELL,LIMIT,9867,100,GTC
3945,1700000000099039916,1,BUY,LIMIT,9867,10,GTC
3946,1700000000099050348,1,BUY,LIMIT,9856,1,GTC
3947,1700000000099097187,1,SELL,LIMIT,9878,50,GTC
3948,1700000000099127812,1,BUY,LIMIT,9858,100,GTC
3949,1700000000099128410,1,SELL,LIMIT,9862,5,GTC
3950,1700000000099131011,1,SELL,LIMIT,9876,10,GTC
3951,1700000000099149118,1,SELL,LIMIT,9849,10,GTC
3952,1700000000099197144,1,SELL,MARKET,0,10,IOC
3953,1700000000099238092,1,SELL,LIMIT,9874,25,GTC
3954,1700000000099248404,1,BUY,LIMIT,9862,25,GTC
3955,1700000000099289325,1,BUY,LIMIT,9853,1,GTC
3956,1700000000099315741,1,BUY,LIMIT,9859,20,GTC
3957,1700000000099323452,1,BUY,LIMIT,9874,1,GTC
3958,1700000000099361150,1,BUY,LIMIT,9852,5,GTC
3959,1700000000099384981,1,SELL,LIMIT,9877,25,GTC
3960,1700000000099402697,1,SELL,LIMIT,9865,50,GTC
3961,1700000000099403359,1,BUY,LIMIT,9853,25,GTC
3962,1700000000099421624,1,SELL,LIMIT,9853,10,GTC
3963,1700000000099431343,1,BUY,LIMIT,9882,100,GTC
3964,1700000000099481324,1,SELL,LIMIT,9870,100,IOC
3965,1700000000099499911,1,SELL,MARKET,0,25,IOC
3966,1700000000099538438,1,SELL,LIMIT,9861,20,GTC
3967,1700000000099573408,1,BUY,LIMIT,9856,100,GTC
3968,1700000000099592881,1,BUY,LIMIT,9860,1,GTC
3969,1700000000099621228,1,SELL,LIMIT,9865,50,GTC
3970,1700000000099654630,1,SELL,MARKET,0,25,IOC
3971,1700000000099660751,1,BUY,LIMIT,9862,10,GTC
3972,1700000000099676248,1,BUY,LIMIT,9846,20,GTC
3973,1700000000099708590,1,BUY,LIMIT,9864,1,GTC
3974,1700000000099750434,1,SELL,LIMIT,9850,50,IOC
3975,1700000000099777577,1,BUY,LIMIT,9858,1,GTC
3976,1700000000099794093,1,SELL,LIMIT,9854,10,GTC
3977,1700000000099795394,1,SELL,LIMIT,9861,10,GTC
3978,1700000000099817864,1,BUY,LIMIT,9854,50,GTC
3979,1700000000099827414,1,SELL,LIMIT,9877,25,IOC
3980,1700000000099854371,1,BUY,LIMIT,9862,1,GTC
3981,1700000000099856122,1,BUY,LIMIT,9855,10,GTC
3982,1700000000099865058,1,SELL,LIMIT,9878,10,GTC
3983,1700000000099904034,1,SELL,LIMIT,9849,10,GTC
3984,1700000000099910799,1,BUY,LIMIT,9857,1,GTC
3985,1700000000099928077,1,SELL,LIMIT,9875,10,GTC
3986,1700000000099952407,1,BUY,LIMIT,9852,10,GTC
3987,1700000000099968849,1,SELL,LIMIT,9850,10,GTC
3988,1700000000099991189,1,SELL,LIMIT,9876,20,GTC
3989,1700000000100031627,1,BUY,LIMIT,9859,20,GTC
3990,1700000000100070377,1,BUY,MARKET,0,20,IOC
3991,1700000000100087098,1,BUY,LIMIT,9853,25,GTC
3992,1700000000100105733,1,SELL,LIMIT,9863,10,GTC
3993,1700000000100121440,1,SELL,LIMIT,9861,100,GTC
3994,1700000000100148435,1,BUY,LIMIT,9859,50,GTC
3995,1700000000100159270,1,SELL,LIMIT,9850,50,GTC
3996,1700000000100187065,1,SELL,LIMIT,9863,50,GTC
3997,1700000000100225681,1,BUY,LIMIT,9857,50,GTC
3998,1700000000100251989,1,BUY,LIMIT,9862,20,GTC
3999,1700000000100260830,1,SELL,LIMIT,9858,50,GTC
4000,1700000000100271428,1,SELL,LIMIT,9868,10,GTC
4001,1700000000100310750,1,BUY,LIMIT,9874,100,GTC
4002,1700000000100353511,1,BUY,LIMIT,9850,100,GTC
4003,1700000000100375243,1,SELL,LIMIT,9873,10,GTC
4004,1700000000100391887,1,BUY,LIMIT,9862,50,GTC
4005,1700000000100411787,1,SELL,LIMIT,9854,10,GTC
4006,1700000000100439502,1,BUY,LIMIT,9871,5,GTC
4007,1700000000100465800,1,BUY,LIMIT,9879,5,GTC
4008,1700000000100467815,1,SELL,LIMIT,9866,10,GTC
4009,1700000000100468581,1,SELL,LIMIT,9864,10,GTC
4010,1700000000100505514,1,BUY,LIMIT,9875,1,GTC
4011,1700000000100524722,1,BUY,LIMIT,9853,5,GTC
4012,1700000000100551230,1,SELL,LIMIT,9856,100,GTC
4013,1700000000100577197,1,BUY,LIMIT,9849,10,GTC
4014,1700000000100616877,1,SELL,LIMIT,9860,10,GTC
4015,1700000000100618120,1,BUY,LIMIT,9863,20,GTC
4016,1700000000100662382,1,BUY,LIMIT,9859,5,GTC
4017,1700000000100700051,1,BUY,LIMIT,9869,20,GTC
4018,1700000000100714867,1,BUY,LIMIT,9861,10,IOC
4019,1700000000100726495,1,BUY,LIMIT,9842,5,GTC
4020,1700000000100764198,1,SELL,LIMIT,9841,10,GTC
4021,1700000000100779536,1,BUY,LIMIT,9863,10,GTC
4022,1700000000100811626,1,BUY,LIMIT,9852,50,GTC
4023,1700000000100830570,1,SELL,LIMIT,9847,5,GTC
4024,1700000000100835733,1,SELL,LIMIT,9858,1,GTC
4025,1700000000100871911,1,BUY,LIMIT,9840,20,GTC
4026,1700000000100910313,1,BUY,MARKET,0,20,IOC
4027,1700000000100931230,1,SELL,LIMIT,9840,1,GTC
4028,1700000000100959058,1,SELL,LIMIT,9869,50,IOC
4029,1700000000101000245,1,BUY,LIMIT,9838,5,GTC
4030,1700000000101017641,1,BUY,LIMIT,9841,10,GTC
4031,1700000000101022067,1,SELL,LIMIT,9848,10,GTC
4032,1700000000101068138,1,BUY,MARKET,0,1,IOC
4033,1700000000101082099,1,SELL,LIMIT,9852,5,GTC
4034,1700000000101089079,1,BUY,MARKET,0,100,IOC
4035,1700000000101135809,1,SELL,LIMIT,9856,10,GTC
4036,1700000000101156196,1,SELL,LIMIT,9865,10,GTC
4037,1700000000101175657,1,SELL,MARKET,0,5,IOC
4038,1700000000101196939,1,BUY,LIMIT,9849,20,GTC
4039,1700000000101226021,1,SELL,LIMIT,9835,10,GTC
4040,1700000000101238810,1,SELL,LIMIT,9845,50,GTC
4041,1700000000101259079,1,BUY,LIMIT,9864,100,GTC
4042,1700000000101270675,1,SELL,LIMIT,9847,20,GTC
4043,1700000000101317704,1,SELL,LIMIT,9842,5,GTC
4044,1700000000101361581,1,BUY,LIMIT,9841,50,GTC
4045,1700000000101373039,1,BUY,LIMIT,9837,25,GTC
4046,1700000000101373671,1,BUY,LIMIT,9851,5,GTC
4047,1700000000101412427,1,SELL,LIMIT,9849,100,GTC
4048,1700000000101440840,1,SELL,LIMIT,9843,25,GTC
4049,1700000000101443347,1,SELL,LIMIT,9857,1,GTC
4050,1700000000101473431,1,BUY,LIMIT,9848,50,GTC
4051,1700000000101483475,1,SELL,LIMIT,9831,20,GTC
4052,1700000000101509515,1,SELL,LIMIT,9851,10,GTC
4053,1700000000101535100,1,BUY,LIMIT,9840,20,GTC
4054,1700000000101541039,1,BUY,MARKET,0,1,IOC
4055,1700000000101541872,1,SELL,LIMIT,9838,10,GTC
4056,1700000000101559455,1,BUY,LIMIT,9863,10,GTC
4057,1700000000101560179,1,SELL,LIMIT,9854,1,GTC
4058,1700000000101567251,1,SELL,LIMIT,9849,20,GTC
4059,1700000000101600617,1,BUY,LIMIT,9847,10,GTC
4060,1700000000101616148,1,BUY,LIMIT,9859,10,GTC
4061,1700000000101651778,1,SELL,LIMIT,9849,1,GTC
4062,1700000000101654371,1,BUY,LIMIT,9847,20,GTC
4063,1700000000101684517,1,BUY,MARKET,0,20,IOC
4064,1700000000101701156,1,SELL,LIMIT,9857,5,GTC
4065,1700000000101722541,1,SELL,LIMIT,9858,10,GTC
4066,1700000000101723542,1,SELL,LIMIT,9836,10,GTC
4067,1700000000101756113,1,SELL,LIMIT,9854,25,GTC
4068,1700000000101764977,1,SELL,LIMIT,9849,1,GTC
4069,1700000000101772183,1,BUY,MARKET,0,20,IOC
4070,1700000000101777742,1,BUY,LIMIT,9867,20,GTC
4071,1700000000101821219,1,BUY,LIMIT,9863,5,GTC
4072,1700000000101857803,1,BUY,LIMIT,9862,10,GTC
4073,1700000000101859782,1,BUY,LIMIT,9855,10,GTC
4074,1700000000101904432,1,BUY,LIMIT,9863,1,GTC
4075,1700000000101919475,1,BUY,LIMIT,9835,5,GTC
4076,1700000000101967193,1,SELL,LIMIT,9857,10,GTC
4077,1700000000102003904,1,SELL,MARKET,0,25,IOC
4078,1700000000102050139,1,SELL,LIMIT,9859,20,GTC
4079,1700000000102078105,1,BUY,LIMIT,9842,1,GTC
4080,1700000000102088646,1,SELL,LIMIT,9839,25,GTC
4081,1700000000102114607,1,SELL,LIMIT,9839,1,GTC
4082,1700000000102144208,1,BUY,LIMIT,9852,25,GTC
4083,1700000000102172118,1,BUY,LIMIT,9849,10,GTC
4084,1700000000102196061,1,SELL,LIMIT,9865,10,GTC
4085,1700000000102236928,1,SELL,LIMIT,9841,50,GTC
4086,1700000000102267563,1,BUY,LIMIT,9848,20,GTC
4087,1700000000102302895,1,SELL,LIMIT,9844,1,GTC
4088,1700000000102317327,1,SELL,LIMIT,9842,10,GTC
4089,1700000000102337999,1,SELL,LIMIT,9845,10,GTC
4090,1700000000102359970,1,SELL,LIMIT,9864,5,GTC
4091,1700000000102385647,1,BUY,LIMIT,9862,1,GTC
4092,1700000000102396930,1,SELL,LIMIT,9845,20,IOC
4093,1700000000102438100,1,BUY,LIMIT,9856,10,GTC
4094,1700000000102444011,1,BUY,LIMIT,9846,10,GTC
4095,1700000000102447531,1,SELL,LIMIT,9838,10,GTC
4096,1700000000102493261,1,BUY,LIMIT,9852,10,GTC
4097,1700000000102533098,1,SELL,LIMIT,9837,10,GTC
4098,1700000000102560288,1,SELL,MARKET,0,5,IOC
4099,1700000000102599476,1,SELL,LIMIT,9860,10,GTC
4100,1700000000102625942,1,SELL,LIMIT,9836,1,GTC
4101,1700000000102634379,1,SELL,LIMIT,9852,10,IOC
4102,1700000000102635376,1,BUY,LIMIT,9832,25,GTC
4103,1700000000102673654,1,BUY,LIMIT,9850,5,GTC
4104,1700000000102679708,1,SELL,LIMIT,9846,100,GTC
4105,1700000000102692253,1,BUY,MARKET,0,1,IOC
4106,1700000000102715068,1,SELL,LIMIT,9833,10,GTC
4107,1700000000102738761,1,SELL,LIMIT,9852,25,GTC
4108,1700000000102754131,1,BUY,LIMIT,9849,10,GTC
4109,1700000000102763590,1,BUY,LIMIT,9851,10,GTC
4110,1700000000102799117,1,BUY,LIMIT,9850,100,GTC
4111,1700000000102815677,1,BUY,LIMIT,9842,20,GTC
4112,1700000000102829009,1,BUY,LIMIT,9852,25,GTC
4113,1700000000102862208,1,SELL,LIMIT,9864,100,GTC
4114,1700000000102905885,1,SELL,LIMIT,9845,10,GTC
4115,1700000000102942677,1,SELL,LIMIT,9837,10,GTC
4116,1700000000102986573,1,SELL,LIMIT,9847,50,GTC
4117,1700000000103031321,1,SELL,LIMIT,9833,5,GTC
4118,1700000000103057142,1,BUY,LIMIT,9847,1,GTC
4119,1700000000103067548,1,SELL,LIMIT,9834,10,GTC
4120,1700000000103077095,1,SELL,LIMIT,9837,5,GTC
4121,1700000000103104732,1,SELL,LIMIT,9835,25,GTC
4122,1700000000103117851,1,SELL,LIMIT,9833,20,GTC
4123,1700000000103134450,1,BUY,LIMIT,9828,25,GTC
4124,1700000000103181024,1,SELL,LIMIT,9844,10,GTC
4125,1700000000103206426,1,BUY,LIMIT,9837,50,GTC
4126,1700000000103213694,1,BUY,LIMIT,9849,20,GTC
4127,1700000000103251557,1,SELL,LIMIT,9846,25,GTC
4128,1700000000103254759,1,SELL,LIMIT,9828,10,GTC
4129,1700000000103278399,1,BUY,LIMIT,9846,50,IOC
4130,1700000000103303068,1,SELL,LIMIT,9822,10,GTC
4131,1700000000103318025,1,SELL,LIMIT,9822,25,GTC
4132,1700000000103339104,1,SELL,LIMIT,9843,50,GTC
4133,1700000000103373113,1,BUY,LIMIT,9833,100,GTC
4134,1700000000103420022,1,SELL,LIMIT,9827,20,GTC
4135,1700000000103461513,1,SELL,MARKET,0,50,IOC
4136,1700000000103483442,1,BUY,LIMIT,9834,50,GTC
4137,1700000000103511578,1,SELL,LIMIT,9819,1,GTC
4138,1700000000103551221,1,BUY,LIMIT,9832,10,GTC
4139,1700000000103568590,1,SELL,LIMIT,9836,10,GTC
4140,1700000000103588826,1,SELL,LIMIT,9821,5,GTC
4141,1700000000103602163,1,SELL,LIMIT,9847,10,IOC
4142,1700000000103621463,1,SELL,LIMIT,9845,1,GTC
4143,1700000000103646445,1,SELL,LIMIT,9831,10,GTC
4144,1700000000103660288,1,SELL,LIMIT,9834,1,GTC
4145,1700000000103676714,1,SELL,LIMIT,9814,10,GTC
4146,1700000000103697966,1,BUY,LIMIT,9814,20,GTC
4147,1700000000103699236,1,SELL,LIMIT,9819,100,GTC
4148,1700000000103712873,1,BUY,LIMIT,9828,50,GTC
4149,1700000000103715146,1,BUY,LIMIT,9832,10,GTC
4150,1700000000103748635,1,SELL,MARKET,0,20,IOC
4151,1700000000103762543,1,BUY,LIMIT,9830,10,GTC
4152,1700000000103796434,1,BUY,LIMIT,9830,1,GTC
4153,1700000000103842633,1,SELL,LIMIT,9826,5,GTC
4154,1700000000103871632,1,BUY,LIMIT,9825,20,GTC
4155,1700000000103909373,1,BUY,LIMIT,9817,20,GTC
4156,1700000000103916005,1,SELL,LIMIT,9814,25,GTC
4157,1700000000103921580,1,SELL,LIMIT,9835,1,GTC
4158,1700000000103957527,1,SELL,LIMIT,9809,1,GTC
4159,1700000000103976759,1,BUY,LIMIT,9819,1,GTC
4160,1700000000103995080,1,SELL,MARKET,0,1,IOC
4161,1700000000104040610,1,BUY,LIMIT,9828,5,GTC
4162,1700000000104074864,1,SELL,LIMIT,9818,20,GTC
4163,1700000000104088280,1,BUY,LIMIT,9810,1,GTC
4164,1700000000104122617,1,SELL,MARKET,0,50,IOC
4165,1700000000104159090,1,BUY,LIMIT,9811,100,GTC
4166,1700000000104202650,1,BUY,LIMIT,9814,100,IOC
4167,1700000000104234851,1,BUY,LIMIT,9814,10,GTC
4168,1700000000104263157,1,BUY,LIMIT,9805,50,GTC
4169,1700000000104288913,1,SELL,LIMIT,9799,100,GTC
4170,1700000000104299887,1,BUY,LIMIT,9813,10,GTC
4171,1700000000104322199,1,BUY,LIMIT,9820,1,GTC
4172,1700000000104361238,1,BUY,LIMIT,9809,5,GTC
4173,1700000000104385641,1,BUY,LIMIT,9801,10,GTC
4174,1700000000104404641,1,SELL,LIMIT,9813,10,GTC
4175,1700000000104427105,1,BUY,LIMIT,9796,100,GTC
4176,1700000000104455638,1,BUY,LIMIT,9811,50,GTC
4177,1700000000104456561,1,BUY,LIMIT,9795,10,GTC
4178,1700000000104468776,1,SELL,LIMIT,9798,100,GTC
4179,1700000000104485990,1,SELL,LIMIT,9810,10,GTC
4180,1700000000104507457,1,BUY,LIMIT,9815,10,GTC
4181,1700000000104508246,1,SELL,LIMIT,9799,10,GTC
4182,1700000000104516942,1,SELL,LIMIT,9823,100,GTC
4183,1700000000104549147,1,SELL,LIMIT,9819,10,GTC
4184,1700000000104557568,1,BUY,LIMIT,9821,5,GTC
4185,1700000000104600828,1,SELL,LIMIT,9805,100,GTC
4186,1700000000104630333,1,SELL,LIMIT,9826,1,GTC
4187,1700000000104677778,1,BUY,MARKET,0,10,IOC
4188,1700000000104722698,1,BUY,LIMIT,9823,10,GTC
4189,1700000000104753977,1,BUY,LIMIT,9826,100,GTC
4190,1700000000104762361,1,SELL,LIMIT,9821,50,GTC
4191,1700000000104785789,1,SELL,LIMIT,9801,50,GTC
4192,1700000000104820630,1,BUY,LIMIT,9814,50,GTC
4193,1700000000104831113,1,BUY,LIMIT,9812,25,IOC
4194,1700000000104876318,1,SELL,LIMIT,9832,50,GTC
4195,1700000000104885153,1,BUY,LIMIT,9823,10,GTC
4196,1700000000104901635,1,BUY,MARKET,0,20,IOC
4197,1700000000104946159,1,SELL,LIMIT,9819,100,GTC
4198,1700000000104952073,1,BUY,LIMIT,9816,5,GTC
4199,1700000000104980036,1,BUY,LIMIT,9806,10,GTC
4200,1700000000105003385,1,BUY,MARKET,0,50,IOC
4201,1700000000105043067,1,SELL,LIMIT,9811,25,GTC
4202,1700000000105076833,1,SELL,LIMIT,9809,20,GTC
4203,1700000000105084397,1,SELL,LIMIT,9832,10,GTC
4204,1700000000105100787,1,SELL,LIMIT,9805,50,GTC
4205,1700000000105145771,1,SELL,LIMIT,9825,20,GTC
4206,1700000000105191666,1,BUY,LIMIT,9836,100,GTC
4207,1700000000105212506,1,SELL,LIMIT,9817,10,GTC
4208,1700000000105260231,1,SELL,LIMIT,9834,10,GTC
4209,1700000000105262093,1,SELL,LIMIT,9807,10,GTC
4210,1700000000105306275,1,BUY,MARKET,0,20,IOC
4211,1700000000105345390,1,BUY,MARKET,0,5,IOC
4212,1700000000105353396,1,SELL,LIMIT,9812,100,GTC
4213,1700000000105369262,1,SELL,LIMIT,9807,10,GTC
4214,1700000000105370605,1,SELL,LIMIT,9834,10,GTC
4215,1700000000105409727,1,SELL,MARKET,0,1,IOC
4216,1700000000105444373,1,SELL,LIMIT,9806,100,GTC
4217,1700000000105456242,1,SELL,LIMIT,9805,1,GTC
4218,1700000000105460967,1,SELL,LIMIT,9807,20,GTC
4219,1700000000105502206,1,SELL,LIMIT,9820,1,GTC
4220,1700000000105530044,1,BUY,LIMIT,9820,100,GTC
4221,1700000000105564088,1,BUY,LIMIT,9810,1,GTC
4222,1700000000105598661,1,SELL,LIMIT,9805,50,GTC
4223,1700000000105644866,1,BUY,LIMIT,9822,100,GTC
4224,1700000000105650192,1,SELL,LIMIT,9824,10,GTC
4225,1700000000105694885,1,SELL,LIMIT,9811,10,GTC
4226,1700000000105727969,1,SELL,MARKET,0,50,IOC
4227,1700000000105765018,1,SELL,LIMIT,9810,5,GTC
4228,1700000000105796606,1,SELL,LIMIT,9806,10,GTC
4229,1700000000105823683,1,SELL,LIMIT,9802,5,GTC
4230,1700000000105855556,1,BUY,LIMIT,9832,100,GTC
4231,1700000000105882871,1,SELL,LIMIT,9821,10,GTC
4232,1700000000105889123,1,BUY,LIMIT,9824,1,GTC
4233,1700000000105915936,1,SELL,LIMIT,9830,100,GTC
4234,1700000000105953783,1,SELL,LIMIT,9816,1,GTC
4235,1700000000105975573,1,SELL,LIMIT,9817,50,GTC
4236,1700000000106006468,1,BUY,LIMIT,9822,1,GTC
4237,1700000000106015853,1,SELL,LIMIT,9812,5,GTC
4238,1700000000106055888,1,BUY,LIMIT,9815,25,GTC
4239,1700000000106105019,1,BUY,LIMIT,9821,25,GTC
4240,1700000000106152087,1,BUY,MARKET,0,5,IOC
4241,1700000000106174191,1,BUY,LIMIT,9832,50,GTC
4242,1700000000106213372,1,SELL,LIMIT,9806,10,GTC
4243,1700000000106219133,1,BUY,LIMIT,9832,100,GTC
4244,1700000000106262328,1,BUY,LIMIT,9825,1,GTC
4245,1700000000106279991,1,SELL,MARKET,0,10,IOC
4246,1700000000106303401,1,SELL,LIMIT,9823,100,GTC
4247,1700000000106346011,1,BUY,MARKET,0,10,IOC
4248,1700000000106368786,1,SELL,LIMIT,9806,10,GTC
4249,1700000000106401621,1,BUY,LIMIT,9820,1,GTC
4250,1700000000106411901,1,BUY,LIMIT,9807,25,GTC
4251,1700000000106453950,1,BUY,LIMIT,9818,5,GTC
4252,1700000000106496323,1,BUY,LIMIT,9807,100,IOC
4253,1700000000106539500,1,BUY,LIMIT,9812,50,GTC
4254,1700000000106555677,1,BUY,LIMIT,9831,25,GTC
4255,1700000000106588605,1,SELL,LIMIT,9815,25,GTC
4256,1700000000106632577,1,SELL,LIMIT,9833,50,GTC
4257,1700000000106636334,1,BUY,LIMIT,9834,20,GTC
4258,1700000000106653424,1,BUY,LIMIT,9837,20,GTC
4259,1700000000106689901,1,BUY,LIMIT,9813,50,GTC
4260,1700000000106734064,1,SELL,LIMIT,9841,10,GTC
4261,1700000000106777906,1,SELL,LIMIT,9839,10,GTC
4262,1700000000106810815,1,SELL,LIMIT,9833,50,GTC
4263,1700000000106821424,1,BUY,LIMIT,9820,10,GTC
4264,1700000000106822223,1,SELL,LIMIT,9823,100,GTC
4265,1700000000106862705,1,SELL,LIMIT,9814,50,GTC
4266,1700000000106902334,1,BUY,LIMIT,9818,50,GTC
4267,1700000000106923748,1,BUY,LIMIT,9823,20,IOC
4268,1700000000106950520,1,BUY,LIMIT,9816,20,GTC
4269,1700000000106962306,1,BUY,LIMIT,9816,20,GTC
4270,1700000000106977700,1,SELL,LIMIT,9819,100,GTC
4271,1700000000107021909,1,BUY,LIMIT,9838,25,GTC
4272,1700000000107026566,1,SELL,MARKET,0,1,IOC
4273,1700000000107071406,1,BUY,LIMIT,9833,1,GTC
4274,1700000000107115024,1,SELL,LIMIT,9829,1,GTC
4275,1700000000107124651,1,SELL,LIMIT,9824,5,GTC
4276,1700000000107139817,1,SELL,LIMIT,9839,10,GTC
4277,1700000000107187604,1,BUY,LIMIT,9845,5,GTC
4278,1700000000107206111,1,SELL,LIMIT,9830,1,GTC
4279,1700000000107216375,1,BUY,LIMIT,9854,20,GTC
4280,1700000000107224150,1,BUY,LIMIT,9855,25,GTC
4281,1700000000107247493,1,BUY,LIMIT,9836,25,GTC
4282,1700000000107287552,1,BUY,LIMIT,9848,1,GTC
4283,1700000000107319288,1,SELL,LIMIT,9838,5,GTC
4284,1700000000107364918,1,SELL,LIMIT,9859,10,GTC
4285,1700000000107401057,1,SELL,LIMIT,9846,10,GTC
4286,1700000000107407813,1,BUY,LIMIT,9843,50,GTC
4287,1700000000107436046,1,BUY,LIMIT,9849,25,GTC
4288,1700000000107443198,1,SELL,LIMIT,9846,20,GTC
4289,1700000000107478151,1,SELL,MARKET,0,20,IOC
4290,1700000000107517261,1,SELL,LIMIT,9850,1,GTC
4291,1700000000107533522,1,SELL,LIMIT,9844,50,GTC
4292,1700000000107562584,1,SELL,LIMIT,9853,5,GTC
4293,1700000000107565213,1,BUY,MARKET,0,25,IOC
4294,1700000000107610092,1,BUY,LIMIT,9856,10,GTC
4295,1700000000107624702,1,SELL,LIMIT,9861,10,GTC
4296,1700000000107645424,1,SELL,LIMIT,9855,1,GTC
4297,1700000000107649671,1,BUY,LIMIT,9861,10,GTC
4298,1700000000107694704,1,BUY,LIMIT,9850,1,GTC
4299,1700000000107703888,1,SELL,LIMIT,9843,20,GTC
4300,1700000000107711610,1,BUY,LIMIT,9848,5,GTC
4301,1700000000107724829,1,BUY,LIMIT,9861,20,GTC
4302,1700000000107765636,1,SELL,LIMIT,9855,50,GTC
4303,1700000000107809682,1,BUY,LIMIT,9862,10,IOC
4304,1700000000107836920,1,BUY,LIMIT,9855,1,GTC
4305,1700000000107862967,1,SELL,LIMIT,9854,10,GTC
4306,1700000000107896840,1,SELL,LIMIT,9865,10,GTC
4307,1700000000107945256,1,SELL,LIMIT,9852,1,GTC
4308,1700000000107971778,1,BUY,LIMIT,9838,10,GTC
4309,1700000000108000795,1,SELL,LIMIT,9849,100,GTC
4310,1700000000108033232,1,BUY,LIMIT,9849,100,GTC
4311,1700000000108058187,1,BUY,LIMIT,9862,5,GTC
4312,1700000000108059072,1,BUY,LIMIT,9848,10,GTC
4313,1700000000108095941,1,SELL,LIMIT,9861,100,GTC
4314,1700000000108100064,1,BUY,LIMIT,9867,25,GTC
4315,1700000000108116144,1,SELL,LIMIT,9849,1,GTC
4316,1700000000108134544,1,SELL,LIMIT,9856,10,GTC
4317,1700000000108170202,1,SELL,LIMIT,9848,5,GTC
4318,1700000000108173628,1,SELL,LIMIT,9852,5,GTC
4319,1700000000108178825,1,SELL,LIMIT,9857,10,GTC
4320,1700000000108183264,1,SELL,LIMIT,9840,50,GTC
4321,1700000000108207465,1,SELL,LIMIT,9830,10,GTC
4322,1700000000108252866,1,BUY,MARKET,0,10,IOC
4323,1700000000108267932,1,BUY,LIMIT,9847,50,GTC
4324,1700000000108310932,1,SELL,LIMIT,9853,5,GTC
4325,1700000000108360524,1,BUY,LIMIT,9849,100,GTC
4326,1700000000108364049,1,SELL,LIMIT,9853,10,GTC
4327,1700000000108367849,1,BUY,LIMIT,9843,5,GTC
4328,1700000000108370156,1,SELL,LIMIT,9848,25,GTC
4329,1700000000108384857,1,SELL,LIMIT,9857,10,GTC
4330,1700000000108426134,1,BUY,LIMIT,9862,5,GTC
4331,1700000000108466316,1,SELL,LIMIT,9845,50,GTC
4332,1700000000108506140,1,BUY,LIMIT,9847,5,GTC
4333,1700000000108551735,1,BUY,LIMIT,9842,5,GTC
4334,1700000000108567997,1,SELL,LIMIT,9862,50,GTC
4335,1700000000108597373,1,BUY,LIMIT,9862,50,GTC
4336,1700000000108630275,1,BUY,MARKET,0,25,IOC
4337,1700000000108679759,1,BUY,LIMIT,9865,100,GTC
4338,1700000000108694507,1,SELL,MARKET,0,10,IOC
4339,1700000000108699518,1,SELL,LIMIT,9869,50,GTC
4340,1700000000108713439,1,BUY,LIMIT,9850,50,GTC
4341,1700000000108741208,1,BUY,LIMIT,9861,100,GTC
4342,1700000000108753869,1,BUY,LIMIT,9863,25,GTC
4343,1700000000108767948,1,SELL,LIMIT,9854,50,GTC
4344,1700000000108793895,1,BUY,MARKET,0,20,IOC
4345,1700000000108795826,1,BUY,LIMIT,9853,100,GTC
4346,1700000000108814564,1,BUY,LIMIT,9869,1,GTC
4347,1700000000108862835,1,BUY,LIMIT,9869,50,GTC
4348,1700000000108901126,1,SELL,MARKET,0,25,IOC
4349,1700000000108944966,1,SELL,LIMIT,9866,5,GTC
4350,1700000000108963826,1,BUY,LIMIT,9850,10,GTC
4351,1700000000109002271,1,BUY,LIMIT,9847,10,GTC
4352,1700000000109034216,1,BUY,LIMIT,9836,20,GTC
4353,1700000000109063967,1,SELL,MARKET,0,5,IOC
4354,1700000000109086399,1,SELL,LIMIT,9843,100,GTC
4355,1700000000109124683,1,BUY,LIMIT,9858,20,GTC
4356,1700000000109145874,1,SELL,LIMIT,9847,1,GTC
4357,1700000000109182175,1,SELL,LIMIT,9846,20,GTC
4358,1700000000109218909,1,BUY,LIMIT,9847,5,GTC
4359,1700000000109247764,1,SELL,LIMIT,9865,1,GTC
4360,1700000000109274896,1,BUY,LIMIT,9853,25,GTC
4361,1700000000109314480,1,BUY,LIMIT,9841,10,GTC
4362,1700000000109363794,1,SELL,LIMIT,9846,10,GTC
4363,1700000000109378575,1,SELL,LIMIT,9857,50,GTC
4364,1700000000109413517,1,SELL,LIMIT,9840,10,GTC
4365,1700000000109439704,1,SELL,LIMIT,9859,1,GTC
4366,1700000000109482343,1,SELL,LIMIT,9843,10,GTC
4367,1700000000109505653,1,BUY,MARKET,0,100,IOC
4368,1700000000109533782,1,SELL,LIMIT,9846,10,GTC
4369,1700000000109551829,1,SELL,LIMIT,9855,25,GTC
4370,1700000000109568232,1,BUY,LIMIT,9850,1,GTC
4371,1700000000109601730,1,SELL,LIMIT,9864,25,GTC
4372,1700000000109646799,1,BUY,LIMIT,9869,10,GTC
4373,1700000000109665547,1,SELL,LIMIT,9866,100,GTC
4374,1700000000109672983,1,BUY,LIMIT,9846,25,GTC
4375,1700000000109694629,1,SELL,MARKET,0,10,IOC
4376,1700000000109727473,1,SELL,MARKET,0,20,IOC
4377,1700000000109774285,1,BUY,LIMIT,9875,10,GTC
4378,1700000000109790072,1,BUY,MARKET,0,50,IOC
4379,1700000000109811434,1,SELL,LIMIT,9848,20,GTC
4380,1700000000109812502,1,BUY,LIMIT,9867,10,GTC
4381,1700000000109853749,1,SELL,LIMIT,9862,25,GTC
4382,1700000000109863136,1,SELL,LIMIT,9864,100,GTC
4383,1700000000109909682,1,BUY,LIMIT,9862,10,GTC
4384,1700000000109937611,1,BUY,LIMIT,9870,5,GTC
4385,1700000000109952253,1,SELL,MARKET,0,10,IOC
4386,1700000000109960684,1,BUY,LIMIT,9857,10,IOC
4387,1700000000109981213,1,SELL,LIMIT,9843,10,GTC
4388,1700000000109987877,1,SELL,LIMIT,9864,20,GTC
4389,1700000000110015364,1,SELL,LIMIT,9869,1,GTC
4390,1700000000110016808,1,SELL,LIMIT,9852,20,GTC
4391,1700000000110028330,1,SELL,LIMIT,9867,20,GTC
4392,1700000000110039141,1,SELL,LIMIT,9868,1,GTC
4393,1700000000110068425,1,BUY,LIMIT,9867,20,GTC
4394,1700000000110112006,1,BUY,LIMIT,9845,50,GTC
4395,1700000000110119259,1,SELL,LIMIT,9848,20,IOC
4396,1700000000110132376,1,BUY,LIMIT,9856,5,GTC
4397,1700000000110138993,1,BUY,LIMIT,9859,25,GTC
4398,1700000000110164759,1,SELL,MARKET,0,10,IOC
4399,1700000000110186119,1,BUY,LIMIT,9868,10,GTC
4400,1700000000110188928,1,BUY,LIMIT,9867,10,GTC
4401,1700000000110227641,1,SELL,LIMIT,9858,50,GTC
4402,1700000000110243458,1,SELL,LIMIT,9853,25,GTC
4403,1700000000110284925,1,SELL,LIMIT,9854,5,GTC
4404,1700000000110305449,1,SELL,LIMIT,9868,10,GTC
4405,1700000000110333778,1,BUY,LIMIT,9851,50,GTC
4406,1700000000110353932,1,BUY,LIMIT,9857,10,GTC
4407,1700000000110385406,1,SELL,LIMIT,9881,10,GTC
4408,1700000000110433855,1,BUY,LIMIT,9866,20,GTC
4409,1700000000110452985,1,SELL,LIMIT,9858,10,GTC
4410,1700000000110489823,1,SELL,LIMIT,9875,10,GTC
4411,1700000000110528177,1,BUY,LIMIT,9850,1,GTC
4412,1700000000110568573,1,BUY,LIMIT,9874,25,GTC
4413,1700000000110585374,1,SELL,LIMIT,9872,1,GTC
4414,1700000000110607288,1,BUY,LIMIT,9874,20,GTC
4415,1700000000110610724,1,BUY,LIMIT,9872,25,GTC
4416,1700000000110650015,1,BUY,LIMIT,9860,1,GTC
4417,1700000000110664426,1,SELL,LIMIT,9864,100,GTC
4418,1700000000110698765,1,SELL,LIMIT,9865,50,GTC
4419,1700000000110700339,1,BUY,LIMIT,9865,100,GTC
4420,1700000000110729231,1,SELL,LIMIT,9873,1,GTC
4421,1700000000110735025,1,BUY,LIMIT,9866,5,GTC
4422,1700000000110742250,1,SELL,LIMIT,9860,100,GTC
4423,1700000000110742753,1,BUY,LIMIT,9856,25,GTC
4424,1700000000110788225,1,BUY,LIMIT,9861,1,GTC
4425,1700000000110802121,1,BUY,LIMIT,9850,10,GTC
4426,1700000000110840335,1,SELL,LIMIT,9852,50,GTC
4427,1700000000110883152,1,BUY,LIMIT,9871,1,GTC
4428,1700000000110915402,1,SELL,LIMIT,9863,10,GTC
4429,1700000000110927563,1,BUY,LIMIT,9862,20,GTC
4430,1700000000110949764,1,SELL,MARKET,0,10,IOC
4431,1700000000110953914,1,BUY,LIMIT,9847,25,GTC
4432,1700000000110982452,1,SELL,LIMIT,9859,100,GTC
4433,1700000000111024186,1,BUY,LIMIT,9877,5,GTC
4434,1700000000111073749,1,SELL,LIMIT,9871,10,GTC
4435,1700000000111107813,1,SELL,LIMIT,9872,25,GTC
4436,1700000000111117573,1,BUY,LIMIT,9852,5,IOC
4437,1700000000111118173,1,SELL,LIMIT,9860,10,GTC
4438,1700000000111148797,1,BUY,LIMIT,9880,100,GTC
4439,1700000000111170763,1,SELL,LIMIT,9853,50,GTC
4440,1700000000111191188,1,BUY,LIMIT,9875,20,GTC
4441,1700000000111240657,1,BUY,LIMIT,9862,50,GTC
4442,1700000000111254013,1,SELL,LIMIT,9873,10,GTC
4443,1700000000111283905,1,BUY,LIMIT,9856,1,GTC
4444,1700000000111314616,1,SELL,LIMIT,9861,25,GTC
4445,1700000000111331172,1,SELL,LIMIT,9865,50,GTC
4446,1700000000111364171,1,BUY,LIMIT,9853,100,GTC
4447,1700000000111409506,1,SELL,LIMIT,9878,20,GTC
4448,1700000000111419072,1,SELL,LIMIT,9876,25,GTC
4449,1700000000111421374,1,BUY,LIMIT,9874,20,GTC
4450,1700000000111440315,1,SELL,LIMIT,9868,100,GTC
4451,1700000000111471436,1,BUY,LIMIT,9881,50,GTC
4452,1700000000111476918,1,BUY,LIMIT,9861,5,GTC
4453,1700000000111518180,1,SELL,LIMIT,9869,1,GTC
4454,1700000000111556099,1,BUY,MARKET,0,1,IOC
4455,1700000000111581017,1,BUY,MARKET,0,50,IOC
4456,1700000000111604022,1,BUY,LIMIT,9860,20,GTC
4457,1700000000111628472,1,SELL,LIMIT,9861,50,GTC
4458,1700000000111655947,1,BUY,LIMIT,9855,10,GTC
4459,1700000000111658859,1,SELL,LIMIT,9878,1,GTC
4460,1700000000111663286,1,BUY,LIMIT,9866,5,GTC
4461,1700000000111668884,1,BUY,LIMIT,9874,50,GTC
4462,1700000000111689985,1,SELL,LIMIT,9863,50,GTC
4463,1700000000111739563,1,BUY,LIMIT,9872,10,GTC
4464,1700000000111770890,1,SELL,LIMIT,9857,20,GTC
4465,1700000000111804886,1,BUY,LIMIT,9864,50,GTC
4466,1700000000111831593,1,SELL,LIMIT,9858,50,GTC
4467,1700000000111878503,1,SELL,LIMIT,9858,10,GTC
4468,1700000000111918350,1,BUY,LIMIT,9851,25,GTC
4469,1700000000111964815,1,BUY,LIMIT,9867,10,GTC
4470,1700000000112002949,1,SELL,MARKET,0,10,IOC
4471,1700000000112021683,1,BUY,LIMIT,9857,25,GTC
4472,1700000000112026579,1,BUY,LIMIT,9868,10,GTC
4473,1700000000112061939,1,BUY,MARKET,0,5,IOC
4474,1700000000112076412,1,BUY,LIMIT,9859,10,GTC
4475,1700000000112087899,1,SELL,LIMIT,9865,25,GTC
4476,1700000000112109849,1,BUY,LIMIT,9876,10,GTC
4477,1700000000112157666,1,BUY,LIMIT,9880,10,GTC
4478,1700000000112193376,1,SELL,LIMIT,9856,5,GTC
4479,1700000000112225272,1,SELL,LIMIT,9864,100,GTC
4480,1700000000112258899,1,BUY,LIMIT,9856,5,GTC
4481,1700000000112286819,1,BUY,LIMIT,9868,20,GTC
4482,1700000000112329111,1,BUY,LIMIT,9866,25,GTC
4483,1700000000112367447,1,SELL,LIMIT,9872,1,GTC
4484,1700000000112404253,1,BUY,LIMIT,9879,10,GTC
4485,1700000000112429446,1,BUY,LIMIT,9880,5,GTC
4486,1700000000112468454,1,BUY,LIMIT,9860,5,GTC
4487,1700000000112516948,1,BUY,LIMIT,9870,1,GTC
4488,1700000000112529839,1,SELL,LIMIT,9851,50,GTC
4489,1700000000112537075,1,BUY,LIMIT,9874,10,GTC
4490,1700000000112540984,1,SELL,LIMIT,9864,10,GTC
4491,1700000000112551624,1,SELL,LIMIT,9858,25,GTC
4492,1700000000112557899,1,SELL,LIMIT,9855,50,GTC
4493,1700000000112561936,1,BUY,LIMIT,9871,10,GTC
4494,1700000000112582575,1,BUY,MARKET,0,1,IOC
4495,1700000000112586184,1,BUY,LIMIT,9849,5,GTC
4496,1700000000112630176,1,SELL,LIMIT,9859,20,GTC
4497,1700000000112646232,1,BUY,LIMIT,9874,50,GTC
4498,1700000000112685898,1,SELL,LIMIT,9881,10,GTC
4499,1700000000112708761,1,BUY,LIMIT,9873,20,GTC
4500,1700000000112710762,1,BUY,LIMIT,9854,5,GTC
4501,1700000000112756483,1,SELL,LIMIT,9875,50,GTC
4502,1700000000112767471,1,BUY,MARKET,0,10,IOC
4503,1700000000112795325,1,BUY,LIMIT,9858,10,GTC
4504,1700000000112819145,1,SELL,LIMIT,9879,100,GTC
4505,1700000000112829213,1,BUY,LIMIT,9872,50,GTC
4506,1700000000112878586,1,SELL,LIMIT,9872,5,GTC
4507,1700000000112911347,1,BUY,LIMIT,9858,25,GTC
4508,1700000000112922195,1,SELL,LIMIT,9866,10,IOC
4509,1700000000112959320,1,BUY,LIMIT,9871,20,GTC
4510,1700000000112967821,1,SELL,LIMIT,9857,100,GTC
4511,1700000000112990025,1,SELL,LIMIT,9857,1,GTC
4512,1700000000113031927,1,SELL,LIMIT,9874,10,GTC
4513,1700000000113043797,1,BUY,LIMIT,9851,1,GTC
4514,1700000000113063986,1,SELL,LIMIT,9853,25,GTC
4515,1700000000113067216,1,BUY,LIMIT,9865,25,GTC
4516,1700000000113096266,1,SELL,LIMIT,9857,25,GTC
4517,1700000000113118342,1,SELL,LIMIT,9856,50,GTC
4518,1700000000113153631,1,SELL,LIMIT,9861,100,GTC
4519,1700000000113199826,1,SELL,LIMIT,9886,50,GTC
4520,1700000000113227634,1,SELL,LIMIT,9865,1,GTC
4521,1700000000113234536,1,BUY,LIMIT,9887,5,GTC
4522,1700000000113266623,1,SELL,LIMIT,9876,20,IOC
4523,1700000000113316515,1,SELL,LIMIT,9881,5,GTC
4524,1700000000113364268,1,SELL,LIMIT,9868,5,GTC
4525,1700000000113412599,1,BUY,LIMIT,9888,25,GTC
4526,1700000000113451707,1,SELL,LIMIT,9886,5,GTC
4527,1700000000113475910,1,SELL,LIMIT,9895,1,GTC
4528,1700000000113524606,1,BUY,LIMIT,9875,5,GTC
4529,1700000000113533369,1,BUY,LIMIT,9894,10,GTC
4530,1700000000113574946,1,SELL,LIMIT,9895,50,GTC
4531,1700000000113614308,1,SELL,LIMIT,9896,10,GTC
4532,1700000000113625218,1,BUY,LIMIT,9890,10,GTC
4533,1700000000113660251,1,SELL,LIMIT,9898,5,IOC
4534,1700000000113688741,1,BUY,LIMIT,9869,25,GTC
4535,1700000000113731127,1,SELL,LIMIT,9895,50,GTC
4536,1700000000113763060,1,SELL,LIMIT,9881,10,GTC
4537,1700000000113773164,1,SELL,LIMIT,9894,25,GTC
4538,1700000000113796248,1,BUY,LIMIT,9867,25,GTC
4539,1700000000113814740,1,SELL,LIMIT,9887,100,GTC
4540,1700000000113861492,1,SELL,LIMIT,9870,5,GTC
4541,1700000000113890076,1,BUY,LIMIT,9891,10,GTC
4542,1700000000113918389,1,BUY,LIMIT,9893,100,GTC
4543,1700000000113923603,1,BUY,LIMIT,9882,25,GTC
4544,1700000000113952978,1,BUY,LIMIT,9881,50,GTC
4545,1700000000113990553,1,SELL,LIMIT,9896,1,IOC
4546,1700000000114017005,1,BUY,LIMIT,9876,5,GTC
4547,1700000000114055227,1,BUY,MARKET,0,25,IOC
4548,1700000000114090089,1,SELL,LIMIT,9903,10,GTC
4549,1700000000114122019,1,SELL,LIMIT,9879,10,GTC
4550,1700000000114151085,1,BUY,MARKET,0,20,IOC
4551,1700000000114169580,1,SELL,LIMIT,9900,1,GTC
4552,1700000000114191945,1,SELL,LIMIT,9881,5,GTC
4553,1700000000114218675,1,BUY,LIMIT,9886,50,GTC
4554,1700000000114220208,1,BUY,LIMIT,9887,50,GTC
4555,1700000000114252463,1,BUY,LIMIT,9888,50,IOC
4556,1700000000114285453,1,BUY,LIMIT,9891,10,GTC
4557,1700000000114326850,1,BUY,LIMIT,9883,20,GTC
4558,1700000000114354139,1,BUY,LIMIT,9882,25,GTC
4559,1700000000114402995,1,SELL,LIMIT,9882,25,GTC
4560,1700000000114450854,1,BUY,LIMIT,9903,25,GTC
4561,1700000000114495497,1,SELL,LIMIT,9884,1,GTC
4562,1700000000114521312,1,BUY,LIMIT,9895,10,GTC
4563,1700000000114563843,1,BUY,LIMIT,9895,100,GTC
4564,1700000000114595832,1,BUY,LIMIT,9877,1,GTC
4565,1700000000114636122,1,BUY,LIMIT,9908,5,GTC
4566,1700000000114656213,1,BUY,LIMIT,9892,20,GTC
4567,1700000000114684857,1,SELL,LIMIT,9883,5,GTC
4568,1700000000114719262,1,SELL,LIMIT,9901,10,GTC
4569,1700000000114748229,1,SELL,LIMIT,9895,100,GTC
4570,1700000000114772429,1,BUY,LIMIT,9907,1,IOC
4571,1700000000114814783,1,BUY,LIMIT,9898,10,GTC
4572,1700000000114821957,1,BUY,LIMIT,9894,100,GTC
4573,1700000000114860616,1,SELL,LIMIT,9885,1,GTC
4574,1700000000114880675,1,SELL,LIMIT,9880,10,GTC
4575,1700000000114884514,1,BUY,LIMIT,9900,5,GTC
4576,1700000000114914823,1,BUY,LIMIT,9894,100,GTC
4577,1700000000114958528,1,BUY,LIMIT,9917,5,GTC
4578,1700000000114989718,1,SELL,LIMIT,9891,25,GTC
4579,1700000000115010469,1,BUY,LIMIT,9894,100,GTC
4580,1700000000115051573,1,BUY,LIMIT,9904,10,GTC
4581,1700000000115074979,1,BUY,LIMIT,9890,25,GTC
4582,1700000000115107328,1,BUY,LIMIT,9910,25,GTC
4583,1700000000115150663,1,SELL,LIMIT,9900,5,GTC
4584,1700000000115192324,1,BUY,LIMIT,9917,20,GTC
4585,1700000000115221924,1,BUY,LIMIT,9896,20,GTC
4586,1700000000115263947,1,BUY,LIMIT,9896,100,GTC
4587,1700000000115311656,1,BUY,LIMIT,9905,100,GTC
4588,1700000000115358925,1,SELL,LIMIT,9902,25,GTC
4589,1700000000115377997,1,SELL,LIMIT,9908,100,GTC
4590,1700000000115418374,1,SELL,LIMIT,9894,10,GTC
4591,1700000000115441676,1,BUY,MARKET,0,100,IOC
4592,1700000000115491308,1,SELL,LIMIT,9896,100,GTC
4593,1700000000115523847,1,SELL,LIMIT,9917,1,GTC
4594,1700000000115568905,1,BUY,LIMIT,9923,25,GTC
4595,1700000000115607304,1,BUY,LIMIT,9893,25,GTC
4596,1700000000115636978,1,SELL,LIMIT,9917,50,GTC
4597,1700000000115653216,1,SELL,LIMIT,9899,100,GTC
4598,1700000000115656696,1,SELL,LIMIT,9914,50,GTC
4599,1700000000115662791,1,BUY,LIMIT,9909,20,GTC
4600,1700000000115668167,1,BUY,LIMIT,9893,1,GTC
4601,1700000000115700943,1,BUY,LIMIT,9918,10,GTC
4602,1700000000115721998,1,BUY,LIMIT,9904,10,GTC
4603,1700000000115768013,1,SELL,LIMIT,9904,5,GTC
4604,1700000000115812041,1,SELL,MARKET,0,1,IOC
4605,1700000000115836445,1,SELL,LIMIT,9894,50,GTC
4606,1700000000115848838,1,SELL,LIMIT,9888,25,GTC
4607,1700000000115895707,1,BUY,LIMIT,9905,20,GTC
4608,1700000000115924332,1,SELL,LIMIT,9909,50,GTC
4609,1700000000115935727,1,BUY,LIMIT,9915,10,GTC
4610,1700000000115941640,1,BUY,LIMIT,9901,50,GTC
4611,1700000000115963973,1,SELL,LIMIT,9905,10,GTC
4612,1700000000115981781,1,SELL,LIMIT,9915,100,GTC
4613,1700000000116006842,1,SELL,LIMIT,9904,10,GTC
4614,1700000000116052400,1,SELL,LIMIT,9924,5,GTC
4615,1700000000116077937,1,SELL,LIMIT,9918,10,GTC
4616,1700000000116091942,1,BUY,LIMIT,9917,1,GTC
4617,1700000000116121576,1,SELL,LIMIT,9900,10,GTC
4618,1700000000116154624,1,SELL,LIMIT,9909,20,GTC
4619,1700000000116172231,1,BUY,LIMIT,9902,5,IOC
4620,1700000000116179117,1,SELL,LIMIT,9909,1,GTC
4621,1700000000116192435,1,BUY,LIMIT,9902,1,GTC
4622,1700000000116224582,1,SELL,LIMIT,9905,100,GTC
4623,1700000000116268427,1,SELL,MARKET,0,50,IOC
4624,1700000000116293648,1,BUY,LIMIT,9909,100,GTC
4625,1700000000116339305,1,SELL,LIMIT,9905,100,GTC
4626,1700000000116342544,1,BUY,LIMIT,9923,10,GTC
4627,1700000000116349792,1,SELL,LIMIT,9904,20,GTC
4628,1700000000116375662,1,BUY,LIMIT,9894,10,GTC
4629,1700000000116406784,1,BUY,LIMIT,9908,50,GTC
4630,1700000000116447210,1,BUY,LIMIT,9907,10,IOC
4631,1700000000116484708,1,BUY,LIMIT,9905,1,GTC
4632,1700000000116507247,1,SELL,LIMIT,9899,10,GTC
4633,1700000000116515833,1,SELL,LIMIT,9932,1,GTC
4634,1700000000116542357,1,BUY,LIMIT,9920,10,GTC
4635,1700000000116554335,1,BUY,LIMIT,9934,20,IOC
4636,1700000000116602586,1,SELL,LIMIT,9903,50,GTC
4637,1700000000116612300,1,SELL,LIMIT,9904,1,GTC
4638,1700000000116636841,1,BUY,LIMIT,9926,100,GTC
4639,1700000000116650381,1,BUY,MARKET,0,10,IOC
4640,1700000000116663472,1,SELL,LIMIT,9927,20,GTC
4641,1700000000116679655,1,SELL,LIMIT,9905,100,GTC
4642,1700000000116704887,1,BUY,LIMIT,9917,20,GTC
4643,1700000000116753516,1,BUY,LIMIT,9920,10,GTC
4644,1700000000116766428,1,BUY,LIMIT,9930,10,GTC
4645,1700000000116804038,1,SELL,LIMIT,9933,100,GTC
4646,1700000000116811089,1,BUY,LIMIT,9929,100,GTC
4647,1700000000116813729,1,SELL,LIMIT,9919,10,GTC
4648,1700000000116819059,1,BUY,LIMIT,9904,20,GTC
4649,1700000000116845259,1,BUY,LIMIT,9913,5,IOC
4650,1700000000116859445,1,SELL,LIMIT,9920,25,GTC
4651,1700000000116886402,1,BUY,LIMIT,9901,100,GTC
4652,1700000000116905239,1,BUY,LIMIT,9925,50,GTC
4653,1700000000116950062,1,BUY,LIMIT,9916,100,GTC
4654,1700000000116966050,1,SELL,LIMIT,9900,100,GTC
4655,1700000000116988395,1,BUY,LIMIT,9913,100,GTC
4656,1700000000116996517,1,SELL,LIMIT,9906,25,GTC
4657,1700000000117035463,1,BUY,LIMIT,9929,1,GTC
4658,1700000000117071444,1,SELL,LIMIT,9923,5,GTC
4659,1700000000117082573,1,SELL,LIMIT,9924,20,GTC
4660,1700000000117121065,1,BUY,LIMIT,9924,25,GTC
4661,1700000000117128610,1,SELL,LIMIT,9912,5,GTC
4662,1700000000117152837,1,BUY,LIMIT,9911,100,GTC
4663,1700000000117163278,1,SELL,LIMIT,9905,100,GTC
4664,1700000000117208362,1,BUY,LIMIT,9902,20,GTC
4665,1700000000117243492,1,SELL,LIMIT,9909,50,GTC
4666,1700000000117286587,1,BUY,LIMIT,9919,10,GTC
4667,1700000000117313941,1,SELL,MARKET,0,10,IOC
4668,1700000000117343323,1,SELL,MARKET,0,100,IOC
4669,1700000000117381145,1,BUY,LIMIT,9899,10,GTC
4670,1700000000117420262,1,SELL,LIMIT,9911,100,GTC
4671,1700000000117424377,1,SELL,LIMIT,9926,5,GTC
4672,1700000000117436174,1,SELL,LIMIT,9900,50,GTC
4673,1700000000117455510,1,SELL,MARKET,0,10,IOC
4674,1700000000117465388,1,BUY,LIMIT,9923,1,GTC
4675,1700000000117492176,1,SELL,LIMIT,9899,1,GTC
4676,1700000000117529769,1,SELL,MARKET,0,50,IOC
4677,1700000000117573153,1,SELL,LIMIT,9893,25,GTC
4678,1700000000117612895,1,BUY,LIMIT,9919,10,GTC
4679,1700000000117615558,1,BUY,LIMIT,9897,1,GTC
4680,1700000000117634884,1,BUY,LIMIT,9901,25,GTC
4681,1700000000117652156,1,BUY,LIMIT,9901,1,GTC
4682,1700000000117673888,1,BUY,LIMIT,9920,1,GTC
4683,1700000000117696212,1,SELL,LIMIT,9899,25,GTC
4684,1700000000117732386,1,BUY,LIMIT,9923,100,GTC
4685,1700000000117743947,1,BUY,LIMIT,9900,10,GTC
4686,1700000000117746687,1,BUY,MARKET,0,100,IOC
4687,1700000000117760874,1,SELL,LIMIT,9897,50,GTC
4688,1700000000117771825,1,SELL,LIMIT,9905,100,GTC
4689,1700000000117792622,1,BUY,LIMIT,9911,10,GTC
4690,1700000000117836803,1,BUY,LIMIT,9908,100,GTC
4691,1700000000117849279,1,BUY,LIMIT,9904,10,IOC
4692,1700000000117851049,1,SELL,MARKET,0,1,IOC
4693,1700000000117872010,1,BUY,MARKET,0,100,IOC
4694,1700000000117920392,1,SELL,LIMIT,9890,10,GTC
4695,1700000000117944540,1,SELL,MARKET,0,100,IOC
4696,1700000000117985640,1,BUY,LIMIT,9903,100,GTC
4697,1700000000118012733,1,SELL,LIMIT,9890,20,GTC
4698,1700000000118036531,1,BUY,LIMIT,9909,5,GTC
4699,1700000000118040360,1,BUY,LIMIT,9901,10,GTC
4700,1700000000118060019,1,SELL,LIMIT,9900,25,GTC
4701,1700000000118093790,1,SELL,LIMIT,9893,25,GTC
4702,1700000000118122224,1,BUY,LIMIT,9904,1,GTC
4703,1700000000118137739,1,SELL,LIMIT,9894,10,GTC
4704,1700000000118171017,1,BUY,MARKET,0,25,IOC
4705,1700000000118218858,1,BUY,LIMIT,9884,1,GTC
4706,1700000000118221173,1,SELL,LIMIT,9908,10,GTC
4707,1700000000118224702,1,BUY,MARKET,0,10,IOC
4708,1700000000118240817,1,SELL,LIMIT,9902,10,GTC
4709,1700000000118279023,1,SELL,LIMIT,9891,20,GTC
4710,1700000000118318411,1,SELL,LIMIT,9897,10,GTC
4711,1700000000118327095,1,BUY,LIMIT,9896,25,GTC
4712,1700000000118346103,1,BUY,LIMIT,9892,5,GTC
4713,1700000000118368508,1,BUY,MARKET,0,100,IOC
4714,1700000000118381035,1,SELL,LIMIT,9904,20,GTC
4715,1700000000118406797,1,SELL,LIMIT,9883,10,GTC
4716,1700000000118452720,1,BUY,MARKET,0,10,IOC
4717,1700000000118500905,1,BUY,LIMIT,9901,100,GTC
4718,1700000000118532863,1,BUY,LIMIT,9884,100,GTC
4719,1700000000118574628,1,SELL,LIMIT,9875,10,GTC
4720,1700000000118614685,1,SELL,LIMIT,9882,10,GTC
4721,1700000000118629786,1,BUY,LIMIT,9881,20,GTC
4722,1700000000118645122,1,SELL,LIMIT,9898,1,GTC
4723,1700000000118676482,1,SELL,LIMIT,9891,20,GTC
4724,1700000000118714181,1,SELL,LIMIT,9892,1,IOC
4725,1700000000118746330,1,BUY,MARKET,0,25,IOC
4726,1700000000118792346,1,BUY,LIMIT,9897,50,GTC
4727,1700000000118795012,1,SELL,LIMIT,9876,10,GTC
4728,1700000000118842555,1,BUY,LIMIT,9871,5,GTC
4729,1700000000118852774,1,SELL,LIMIT,9870,25,GTC
4730,1700000000118865219,1,BUY,LIMIT,9872,10,GTC
4731,1700000000118887231,1,BUY,MARKET,0,100,IOC
4732,1700000000118921921,1,SELL,LIMIT,9897,5,IOC
4733,1700000000118962451,1,BUY,LIMIT,9875,25,GTC
4734,1700000000119000647,1,SELL,LIMIT,9894,10,GTC
4735,1700000000119041547,1,SELL,LIMIT,9900,25,GTC
4736,1700000000119065175,1,SELL,LIMIT,9885,5,GTC
4737,1700000000119076564,1,SELL,MARKET,0,10,IOC
4738,1700000000119103454,1,SELL,LIMIT,9877,10,GTC
4739,1700000000119141614,1,BUY,LIMIT,9871,1,GTC
4740,1700000000119168759,1,SELL,LIMIT,9877,100,GTC
4741,1700000000119185604,1,SELL,LIMIT,9870,100,GTC
4742,1700000000119232922,1,SELL,LIMIT,9872,1,GTC
4743,1700000000119280877,1,BUY,LIMIT,9875,10,GTC
4744,1700000000119318791,1,SELL,LIMIT,9879,20,GTC
4745,1700000000119357792,1,SELL,LIMIT,9870,50,GTC
4746,1700000000119403439,1,BUY,LIMIT,9883,10,GTC
4747,1700000000119416923,1,BUY,LIMIT,9881,100,GTC
4748,1700000000119418713,1,SELL,LIMIT,9860,10,GTC
4749,1700000000119422520,1,BUY,LIMIT,9877,10,GTC
4750,1700000000119442229,1,SELL,LIMIT,9858,10,GTC
4751,1700000000119455238,1,BUY,LIMIT,9878,25,GTC
4752,1700000000119476984,1,SELL,LIMIT,9867,1,GTC
4753,1700000000119479341,1,BUY,LIMIT,9883,5,GTC
4754,1700000000119483389,1,SELL,LIMIT,9868,100,GTC
4755,1700000000119501805,1,SELL,LIMIT,9880,1,GTC
4756,1700000000119528078,1,BUY,LIMIT,9879,25,GTC
4757,1700000000119534319,1,BUY,LIMIT,9862,25,GTC
4758,1700000000119568692,1,BUY,LIMIT,9881,100,IOC
4759,1700000000119570589,1,SELL,LIMIT,9878,25,GTC
4760,1700000000119575570,1,SELL,LIMIT,9873,20,GTC
4761,1700000000119599528,1,SELL,LIMIT,9862,25,GTC
4762,1700000000119611410,1,SELL,LIMIT,9864,10,GTC
4763,1700000000119640128,1,SELL,LIMIT,9861,1,GTC
4764,1700000000119687559,1,SELL,LIMIT,9877,25,GTC
4765,1700000000119716620,1,BUY,LIMIT,9877,100,GTC
4766,1700000000119749951,1,BUY,LIMIT,9848,50,GTC
4767,1700000000119770509,1,BUY,LIMIT,9869,5,GTC
4768,1700000000119819843,1,SELL,LIMIT,9861,1,IOC
4769,1700000000119868363,1,SELL,LIMIT,9853,50,GTC
4770,1700000000119904117,1,SELL,LIMIT,9867,5,GTC
4771,1700000000119929905,1,BUY,LIMIT,9877,5,GTC
4772,1700000000119936211,1,SELL,LIMIT,9877,25,GTC
4773,1700000000119959682,1,SELL,LIMIT,9861,1,GTC
4774,1700000000119985098,1,BUY,LIMIT,9860,10,GTC
4775,1700000000119995827,1,BUY,MARKET,0,100,IOC
4776,1700000000120040447,1,BUY,LIMIT,9875,5,GTC
4777,1700000000120054760,1,SELL,LIMIT,9858,100,GTC
4778,1700000000120102914,1,BUY,MARKET,0,10,IOC
4779,1700000000120106672,1,SELL,MARKET,0,10,IOC
4780,1700000000120113937,1,BUY,LIMIT,9886,25,GTC
4781,1700000000120144678,1,BUY,LIMIT,9879,50,GTC
4782,1700000000120170010,1,BUY,LIMIT,9875,50,IOC
4783,1700000000120202715,1,SELL,LIMIT,9869,25,GTC
4784,1700000000120229571,1,BUY,LIMIT,9868,25,IOC
4785,1700000000120271084,1,SELL,LIMIT,9877,1,GTC
4786,1700000000120280411,1,BUY,LIMIT,9859,1,IOC
4787,1700000000120296654,1,SELL,LIMIT,9867,10,GTC
4788,1700000000120303669,1,BUY,LIMIT,9882,10,GTC
4789,1700000000120331411,1,BUY,LIMIT,9860,10,GTC
4790,1700000000120341320,1,BUY,LIMIT,9875,5,GTC
4791,1700000000120363906,1,SELL,LIMIT,9864,20,GTC
4792,1700000000120383790,1,BUY,MARKET,0,25,IOC
4793,1700000000120421516,1,SELL,LIMIT,9876,10,GTC
4794,1700000000120430870,1,BUY,LIMIT,9863,100,GTC
4795,1700000000120447670,1,BUY,LIMIT,9855,20,GTC
4796,1700000000120467244,1,BUY,LIMIT,9856,5,IOC
4797,1700000000120499969,1,BUY,LIMIT,9873,1,GTC
4798,1700000000120521053,1,SELL,LIMIT,9870,50,GTC
4799,1700000000120545095,1,BUY,LIMIT,9871,10,GTC
4800,1700000000120575239,1,SELL,LIMIT,9857,10,GTC
4801,1700000000120578187,1,BUY,LIMIT,9855,10,GTC
4802,1700000000120608283,1,BUY,LIMIT,9854,100,GTC
4803,1700000000120642773,1,SELL,LIMIT,9861,25,GTC
4804,1700000000120676489,1,SELL,LIMIT,9860,10,GTC
4805,1700000000120688765,1,BUY,LIMIT,9867,5,IOC
4806,1700000000120721109,1,SELL,LIMIT,9869,20,GTC
4807,1700000000120727041,1,SELL,LIMIT,9866,50,GTC
4808,1700000000120747381,1,BUY,LIMIT,9863,20,GTC
4809,1700000000120764334,1,BUY,LIMIT,9877,10,GTC
4810,1700000000120780215,1,SELL,LIMIT,9876,100,GTC
4811,1700000000120815646,1,BUY,LIMIT,9860,5,GTC
4812,1700000000120833419,1,SELL,LIMIT,9862,5,GTC
4813,1700000000120859034,1,BUY,LIMIT,9874,1,GTC
4814,1700000000120866214,1,BUY,LIMIT,9875,5,GTC
4815,1700000000120909822,1,SELL,LIMIT,9857,50,GTC
4816,1700000000120929292,1,SELL,LIMIT,9878,10,GTC
4817,1700000000120934363,1,SELL,LIMIT,9854,10,GTC
4818,1700000000120955313,1,BUY,LIMIT,9880,5,GTC
4819,1700000000120966074,1,SELL,LIMIT,9852,10,GTC
4820,1700000000120987009,1,SELL,LIMIT,9867,20,GTC
4821,1700000000120990639,1,BUY,LIMIT,9849,20,GTC
4822,1700000000121025648,1,SELL,LIMIT,9855,100,GTC
4823,1700000000121051689,1,BUY,LIMIT,9858,25,GTC
4824,1700000000121095534,1,BUY,LIMIT,9873,25,GTC
4825,1700000000121110614,1,SELL,LIMIT,9863,1,GTC
4826,1700000000121111357,1,SELL,LIMIT,9855,100,GTC
4827,1700000000121160864,1,SELL,LIMIT,9851,50,GTC
4828,1700000000121166004,1,BUY,LIMIT,9869,20,GTC
4829,1700000000121194463,1,SELL,MARKET,0,10,IOC
4830,1700000000121217748,1,SELL,LIMIT,9879,1,GTC
4831,1700000000121223570,1,SELL,LIMIT,9851,1,GTC
4832,1700000000121230271,1,SELL,LIMIT,9866,50,GTC
4833,1700000000121234797,1,BUY,LIMIT,9856,1,GTC
4834,1700000000121272090,1,BUY,LIMIT,9855,20,GTC
4835,1700000000121305932,1,SELL,LIMIT,9869,20,GTC
4836,1700000000121313413,1,SELL,LIMIT,9870,50,GTC
4837,1700000000121363293,1,SELL,LIMIT,9853,1,GTC
4838,1700000000121384318,1,BUY,LIMIT,9860,100,GTC
4839,1700000000121413925,1,SELL,LIMIT,9862,1,GTC
4840,1700000000121417837,1,BUY,LIMIT,9840,50,GTC
4841,1700000000121435903,1,BUY,MARKET,0,5,IOC
4842,1700000000121465746,1,BUY,LIMIT,9859,50,GTC
4843,1700000000121512208,1,BUY,LIMIT,9854,50,GTC
4844,1700000000121557253,1,BUY,LIMIT,9850,100,GTC
4845,1700000000121561383,1,SELL,LIMIT,9840,1,GTC
4846,1700000000121584688,1,SELL,LIMIT,9846,50,GTC
4847,1700000000121627628,1,SELL,LIMIT,9856,100,GTC
4848,1700000000121656149,1,BUY,LIMIT,9843,20,GTC
4849,1700000000121669499,1,SELL,LIMIT,9846,10,GTC
4850,1700000000121691597,1,SELL,LIMIT,9845,50,GTC
4851,1700000000121728365,1,BUY,LIMIT,9863,50,GTC
4852,1700000000121746787,1,SELL,LIMIT,9838,10,GTC
4853,1700000000121776143,1,BUY,LIMIT,9861,50,GTC
4854,1700000000121791650,1,BUY,LIMIT,9851,100,GTC
4855,1700000000121817616,1,BUY,LIMIT,9840,5,GTC
4856,1700000000121842429,1,BUY,LIMIT,9860,10,GTC
4857,1700000000121843949,1,BUY,LIMIT,9844,100,GTC
4858,1700000000121876299,1,SELL,LIMIT,9855,25,GTC
4859,1700000000121907957,1,SELL,LIMIT,9854,10,GTC
4860,1700000000121957436,1,SELL,LIMIT,9851,50,GTC
4861,1700000000121979514,1,SELL,LIMIT,9839,1,GTC
4862,1700000000121987294,1,SELL,LIMIT,9833,5,IOC
4863,1700000000122015589,1,SELL,MARKET,0,25,IOC
4864,1700000000122032628,1,BUY,LIMIT,9845,20,GTC
4865,1700000000122048266,1,SELL,LIMIT,9836,5,GTC
4866,1700000000122083556,1,BUY,LIMIT,9847,10,GTC
4867,1700000000122128646,1,BUY,LIMIT,9860,1,GTC
4868,1700000000122160476,1,SELL,LIMIT,9862,50,GTC
4869,1700000000122195659,1,BUY,LIMIT,9836,20,GTC
4870,1700000000122237324,1,BUY,LIMIT,9845,10,GTC
4871,1700000000122277532,1,SELL,LIMIT,9841,5,GTC
4872,1700000000122287187,1,BUY,MARKET,0,10,IOC
4873,1700000000122306523,1,BUY,LIMIT,9842,50,GTC
4874,1700000000122308927,1,BUY,MARKET,0,10,IOC
4875,1700000000122349243,1,BUY,LIMIT,9824,50,GTC
4876,1700000000122376863,1,BUY,LIMIT,9848,5,GTC
4877,1700000000122415203,1,BUY,LIMIT,9848,10,GTC
4878,1700000000122424872,1,BUY,LIMIT,9831,25,GTC
4879,1700000000122455139,1,SELL,LIMIT,9855,50,GTC
4880,1700000000122495289,1,BUY,LIMIT,9831,20,GTC
4881,1700000000122516303,1,SELL,LIMIT,9854,10,GTC
4882,1700000000122533076,1,SELL,LIMIT,9833,20,GTC
4883,1700000000122566822,1,SELL,LIMIT,9852,50,GTC
4884,1700000000122581791,1,SELL,LIMIT,9827,10,GTC
4885,1700000000122603293,1,BUY,MARKET,0,1,IOC
4886,1700000000122642710,1,BUY,LIMIT,9833,25,GTC
4887,1700000000122688993,1,SELL,LIMIT,9849,50,GTC
4888,1700000000122712845,1,SELL,LIMIT,9852,10,GTC
4889,1700000000122728770,1,BUY,LIMIT,9846,50,GTC
4890,1700000000122755174,1,BUY,LIMIT,9852,50,GTC
4891,1700000000122790748,1,BUY,LIMIT,9836,5,GTC
4892,1700000000122821945,1,BUY,LIMIT,9840,100,GTC
4893,1700000000122861874,1,BUY,LIMIT,9861,10,GTC
4894,1700000000122866794,1,BUY,LIMIT,9853,25,GTC
4895,1700000000122912001,1,SELL,LIMIT,9844,20,GTC
4896,1700000000122913277,1,BUY,LIMIT,9839,100,GTC
4897,1700000000122942028,1,SELL,LIMIT,9861,100,GTC
4898,1700000000122955981,1,BUY,LIMIT,9845,10,GTC
4899,1700000000122980171,1,BUY,MARKET,0,1,IOC
4900,1700000000123018553,1,SELL,MARKET,0,10,IOC
4901,1700000000123033678,1,SELL,LIMIT,9841,100,GTC
4902,1700000000123039632,1,SELL,LIMIT,9828,10,GTC
4903,1700000000123075833,1,SELL,LIMIT,9838,20,GTC
4904,1700000000123076764,1,BUY,MARKET,0,10,IOC
4905,1700000000123093869,1,SELL,LIMIT,9838,100,GTC
4906,1700000000123108088,1,SELL,LIMIT,9846,50,GTC
4907,1700000000123131753,1,BUY,MARKET,0,25,IOC
4908,1700000000123134373,1,BUY,LIMIT,9825,5,GTC
4909,1700000000123143315,1,BUY,LIMIT,9843,10,GTC
4910,1700000000123144518,1,SELL,LIMIT,9827,50,IOC
4911,1700000000123145202,1,BUY,LIMIT,9827,10,GTC
4912,1700000000123158644,1,SELL,LIMIT,9849,20,GTC
4913,1700000000123195860,1,BUY,LIMIT,9831,10,GTC
4914,1700000000123204484,1,SELL,LIMIT,9838,10,GTC
4915,1700000000123252621,1,SELL,LIMIT,9844,100,GTC
4916,1700000000123271369,1,BUY,LIMIT,9854,25,IOC
4917,1700000000123300435,1,BUY,MARKET,0,5,IOC
4918,1700000000123319950,1,BUY,LIMIT,9826,20,GTC
4919,1700000000123352549,1,SELL,LIMIT,9832,5,GTC
4920,1700000000123386847,1,BUY,LIMIT,9842,10,GTC
4921,1700000000123388537,1,SELL,LIMIT,9829,25,GTC
4922,1700000000123395506,1,SELL,LIMIT,9847,50,GTC
4923,1700000000123420416,1,SELL,LIMIT,9840,25,GTC
4924,1700000000123442174,1,SELL,LIMIT,9832,1,GTC
4925,1700000000123458075,1,SELL,LIMIT,9843,20,GTC
4926,1700000000123491142,1,SELL,LIMIT,9858,20,GTC
4927,1700000000123494704,1,BUY,LIMIT,9855,25,GTC
4928,1700000000123516132,1,BUY,LIMIT,9841,25,GTC
4929,1700000000123542968,1,SELL,LIMIT,9846,10,GTC
4930,1700000000123559062,1,BUY,LIMIT,9837,1,GTC
4931,1700000000123605876,1,BUY,LIMIT,9851,1,GTC
4932,1700000000123614977,1,SELL,LIMIT,9846,20,GTC
4933,1700000000123660836,1,SELL,LIMIT,9838,25,GTC
4934,1700000000123682699,1,BUY,LIMIT,9849,1,GTC
4935,1700000000123722493,1,SELL,LIMIT,9846,100,GTC
4936,1700000000123761817,1,SELL,LIMIT,9854,100,GTC
4937,1700000000123784032,1,SELL,MARKET,0,20,IOC
4938,1700000000123790283,1,BUY,LIMIT,9863,5,GTC
4939,1700000000123793337,1,BUY,LIMIT,9864,100,GTC
4940,1700000000123805734,1,SELL,LIMIT,9860,10,GTC
4941,1700000000123810217,1,SELL,LIMIT,9858,50,GTC
4942,1700000000123819230,1,SELL,LIMIT,9847,5,GTC
4943,1700000000123820190,1,SELL,LIMIT,9851,10,GTC
4944,1700000000123869691,1,SELL,LIMIT,9849,5,GTC
4945,1700000000123900766,1,SELL,LIMIT,9859,10,GTC
4946,1700000000123915705,1,SELL,LIMIT,9854,1,GTC
4947,1700000000123925742,1,SELL,LIMIT,9847,25,GTC
4948,1700000000123959831,1,BUY,LIMIT,9861,50,GTC
4949,1700000000123986278,1,BUY,LIMIT,9841,100,GTC
4950,1700000000124017597,1,BUY,LIMIT,9863,1,GTC
4951,1700000000124036230,1,BUY,LIMIT,9851,20,GTC
4952,1700000000124054890,1,BUY,LIMIT,9853,20,GTC
4953,1700000000124093501,1,SELL,MARKET,0,50,IOC
4954,1700000000124112666,1,BUY,LIMIT,9844,25,GTC
4955,1700000000124158344,1,BUY,LIMIT,9860,5,GTC
4956,1700000000124198901,1,BUY,LIMIT,9842,10,GTC
4957,1700000000124229682,1,BUY,LIMIT,9857,1,GTC
4958,1700000000124259702,1,SELL,LIMIT,9868,25,GTC
4959,1700000000124285001,1,SELL,LIMIT,9854,5,GTC
4960,1700000000124317535,1,SELL,LIMIT,9845,1,GTC
4961,1700000000124363039,1,SELL,LIMIT,9856,5,GTC
4962,1700000000124384268,1,BUY,LIMIT,9848,10,GTC
4963,1700000000124410189,1,BUY,LIMIT,9862,10,GTC
4964,1700000000124429204,1,BUY,LIMIT,9870,25,GTC
4965,1700000000124438216,1,BUY,LIMIT,9863,25,GTC
4966,1700000000124447775,1,BUY,LIMIT,9869,5,GTC
4967,1700000000124468824,1,SELL,LIMIT,9855,10,GTC
4968,1700000000124479539,1,SELL,LIMIT,9854,100,GTC
4969,1700000000124488424,1,SELL,MARKET,0,10,IOC
4970,1700000000124491111,1,BUY,LIMIT,9857,25,GTC
4971,1700000000124494357,1,BUY,LIMIT,9860,100,GTC
4972,1700000000124522257,1,BUY,LIMIT,9862,10,GTC
4973,1700000000124548422,1,BUY,LIMIT,9857,100,GTC
4974,1700000000124590528,1,SELL,LIMIT,9861,5,GTC
4975,1700000000124612322,1,BUY,LIMIT,9866,50,IOC
4976,1700000000124648278,1,BUY,LIMIT,9866,10,GTC
4977,1700000000124667343,1,BUY,LIMIT,9840,20,GTC
4978,1700000000124692155,1,SELL,LIMIT,9861,20,IOC
4979,1700000000124719386,1,BUY,LIMIT,9857,10,GTC
4980,1700000000124734067,1,SELL,LIMIT,9852,20,GTC
4981,1700000000124751793,1,SELL,LIMIT,9862,1,GTC
4982,1700000000124797793,1,SELL,MARKET,0,10,IOC
4983,1700000000124826086,1,SELL,LIMIT,9851,10,GTC
4984,1700000000124851130,1,BUY,LIMIT,9845,100,GTC
4985,1700000000124879919,1,SELL,LIMIT,9853,1,GTC
4986,1700000000124924866,1,SELL,LIMIT,9870,25,GTC
4987,1700000000124941936,1,BUY,MARKET,0,10,IOC
4988,1700000000124949940,1,SELL,LIMIT,9856,10,GTC
4989,1700000000124995388,1,BUY,MARKET,0,10,IOC
4990,1700000000125044426,1,SELL,LIMIT,9853,5,GTC
4991,1700000000125052297,1,BUY,LIMIT,9861,10,GTC
4992,1700000000125080184,1,SELL,LIMIT,9848,10,GTC
4993,1700000000125123437,1,SELL,LIMIT,9834,10,GTC
4994,1700000000125142685,1,BUY,LIMIT,9844,25,GTC
4995,1700000000125154097,1,SELL,LIMIT,9848,100,GTC
4996,1700000000125164474,1,SELL,MARKET,0,10,IOC
4997,1700000000125170161,1,SELL,LIMIT,9852,1,GTC
4998,1700000000125197921,1,BUY,LIMIT,9829,20,GTC
4999,1700000000125230603,1,BUY,LIMIT,9840,20,GTC
5000,1700000000125273487,1,BUY,LIMIT,9856,1,GTC
